run_name,dist_id,stage,ladder,repeat,duration_s,fid_sim,tv_sim,l2_sim,fid_tgt,tv_tgt,l2_tgt,exp_000,sim_000,exp_001,sim_001,exp_010,sim_010,exp_011,sim_011,exp_100,sim_100,exp_101,sim_101,exp_110,sim_110,exp_111,sim_111,sim_q0_p0,exp_q0_p0,sim_q1_p0,exp_q1_p0,sim_q2_p0,exp_q2_p0,config,shots,backend,unit_label,n_gates,n_ry,n_cx,n_x,started_utc,finished_utc
D1_control_A_001,D1,FULL,A,1,115.108,0.9669601317827075,0.1459051657793136,0.11948724188863014,0.9669601317823339,0.1459051658027118,0.11948724189973879,0.07606783758814276,0.05000000004529274,0.1279900888661241,0.10000000004029726,0.12812855492177994,0.1500000000419197,0.13996947274956198,0.19999999996993859,0.1660317050185626,0.2000000000105297,0.11996510150738372,0.14999999995421368,0.11086437300231564,0.09999999996933846,0.13098286634612935,0.049999999968469704,0.5000000000974483,0.47215595412560873,0.5000000000503335,0.4900547329802132,0.5000000000670807,0.48109247053080095,control,2048,nmr,triangulum-ceu,21,11,8,2,2026-10-05T18:31:23.244162+00:00,2026-10-05T18:33:18.351837+00:00
D1_control_B_001,D1,FULL,B,1,125.281,0.8481173791622701,0.30835046414365186,0.2658456757995505,0.8481173791128019,0.30835046416705014,0.2658456758403366,0.15392177787917322,0.05000000004529278,0.23929392758450477,0.10000000004029722,0.09488021129953057,0.15000000004191968,0.02725893379878811,0.19999999996993864,0.1284479900486671,0.2000000000105297,0.14106240068596407,0.1499999999542137,0.1442481952383617,0.09999999996933846,0.07088656346501034,0.04999999996846972,0.5000000000974484,0.5153548505619967,0.5000000000503335,0.6627260961983092,0.5000000000670807,0.5214981744657327,control,2048,nmr,triangulum-ceu,21,11,8,2,2026-10-05T18:33:18.354798+00:00,2026-10-05T18:35:23.635475+00:00
D1_exp1_A_001,D1,FULL,A,1,126.195,0.8095074257255955,0.3427603924554729,0.2945065927426168,0.8095074256759603,0.342760392478871,0.294506592790747,0.09694902808242802,0.05000000004529275,0.2701569140077355,0.10000000004029731,0.12619159573976185,0.15000000004191974,0.026464355337054386,0.19999999996993864,0.1690186073890365,0.2000000000105298,0.035565049055276216,0.1499999999542137,0.12445170333724287,0.09999999996933849,0.15120274705146466,0.049999999968469704,0.5000000000974485,0.5197618931669797,0.5000000000503335,0.5716895985344762,0.5000000000670808,0.5166109345484693,exp1,2048,nmr,triangulum-ceu,18,8,8,2,2026-10-05T18:35:23.640667+00:00,2026-10-05T18:37:29.835553+00:00
D1_exp1_B_001,D1,FULL,B,1,126.19,0.9485793742368548,0.20336021214190572,0.153240620820551,0.9485793742185674,0.20336021216530392,0.15324062084753343,0.10659463597201754,0.05000000004529278,0.14343655069489455,0.10000000004029726,0.1391062619768887,0.1500000000419197,0.1521104825954888,0.19999999996993864,0.11894610089787393,0.2000000000105297,0.08647694236444461,0.14999999995421368,0.1473306605910327,0.09999999996933846,0.10599836490735909,0.04999999996846972,0.5000000000974485,0.5412479312392896,0.5000000000503335,0.4554542299292307,0.5000000000670808,0.5119776594378128,exp1,2048,nmr,triangulum-ceu,18,8,8,2,2026-10-05T18:37:29.839512+00:00,2026-10-05T18:39:36.029137+00:00
D1_exp1_B_002,D1,FULL,B,2,126.2,0.9436128274931668,0.20039661940201997,0.1704967512443237,0.9436128275125493,0.20039661938012537,0.17049675122927815,0.04491994293840368,0.05000000004529278,0.14882324900112534,0.10000000004029726,0.06846678361031508,0.1500000000419197,0.13304776967633233,0.19999999996993864,0.1936399409112372,0.2000000000105297,0.10952894348358627,0.14999999995421368,0.21016515930929405,0.09999999996933846,0.09140821106970595,0.04999999996846972,0.5000000000974485,0.3952577452261765,0.5000000000503335,0.49691207633435264,0.5000000000670808,0.5171918267692501,exp1,2048,nmr,triangulum-ceu,18,8,8,2,2026-10-05T18:39:36.031143+00:00,2026-10-05T18:41:42.230794+00:00
D1_exp1_A_002,D1,FULL,A,2,126.171,0.9424300531000822,0.1571539010379523,0.16104302331611547,0.9424300530869227,0.15715390101718663,0.161043023337736,0.09931358932493464,0.05000000004529275,0.09117993336113872,0.10000000004029731,0.1636115866547146,0.15000000004191974,0.06327138112768978,0.19999999996993864,0.18839478449398492,0.2000000000105298,0.1522410424803979,0.1499999999542137,0.15533918821411774,0.09999999996933849,0.08664849434302177,0.049999999968469704,0.5000000000974485,0.41737649046847775,0.5000000000503335,0.5311293496604562,0.5000000000670808,0.606659148687752,exp1,2048,nmr,triangulum-ceu,18,8,8,2,2026-10-05T18:41:42.233782+00:00,2026-10-05T18:43:48.404595+00:00
D1_control_B_002,D1,FULL,B,2,126.251,0.8327267120147575,0.34715760881566404,0.28877048169278025,0.8327267119683739,0.3471576088390622,0.2887704817287043,0.19996620899074247,0.05000000004529278,0.238090659039755,0.10000000004029722,0.04704617426796939,0.15000000004191968,0.0499382940701442,0.19999999996993864,0.11738224111992068,0.2000000000105297,0.13847568170290347,0.1499999999542137,0.1313584866420949,0.09999999996933846,0.07774225416646988,0.04999999996846972,0.5000000000974484,0.5350413363686111,0.5000000000503335,0.6939147908533216,0.5000000000670807,0.4957531110207275,control,2048,nmr,triangulum-ceu,21,11,8,2,2026-10-05T18:43:48.410301+00:00,2026-10-05T18:45:54.660839+00:00
D1_control_A_002,D1,FULL,A,2,126.171,0.9176456458993626,0.24867441356536005,0.19849579374739107,0.9176456458772562,0.24867441358875825,0.19849579377375728,0.11469045567996587,0.05000000004529274,0.22381243895340727,0.10000000004029726,0.05537836525017923,0.1500000000419197,0.15841652697948885,0.19999999996993859,0.1426863950086102,0.2000000000105297,0.09484429917296351,0.14999999995421368,0.1069939907981898,0.09999999996933846,0.10317752815719533,0.049999999968469704,0.5000000000974483,0.5522977868630412,0.5000000000503335,0.5760335888149468,0.5000000000670807,0.41974920673694516,control,2048,nmr,triangulum-ceu,21,11,8,2,2026-10-05T18:45:54.662841+00:00,2026-10-05T18:48:00.833939+00:00
D1_control_A_003,D1,FULL,A,3,126.22,0.901951537602231,0.2889937511822876,0.22390210982343967,0.9019515375735833,0.2889937512363473,0.2239021098552553,0.12539490128845995,0.05000000004529274,0.2323569117622125,0.10000000004029726,0.07978704207736304,0.1500000000419197,0.12913449452842565,0.19999999996993859,0.113105504732898,0.2000000000105297,0.09752420081396697,0.14999999995421368,0.09145500661099908,0.09999999996933846,0.13124193818567492,0.049999999968469704,0.5000000000974483,0.5666733496564611,0.5000000000503335,0.5683815185975374,0.5000000000670807,0.4097424547097201,control,2048,nmr,triangulum-ceu,21,11,8,2,2026-10-05T18:48:00.837789+00:00,2026-10-05T18:50:07.057697+00:00
D1_control_B_003,D1,FULL,B,3,126.202,0.8413658181191218,0.3245036646832712,0.2817720792466508,0.8413658180827489,0.3245036646608831,0.28177207926822423,0.24012004040588902,0.05000000004529278,0.16308166198645319,0.10000000004029722,0.034250017121148946,0.15000000004191968,0.09460526711794157,0.19999999996993864,0.09664105110002637,0.2000000000105297,0.15764489004186877,0.1499999999542137,0.16342634041045603,0.09999999996933846,0.05023073181621619,0.04999999996846972,0.5000000000974484,0.5320569866314326,0.5000000000503335,0.6574876435342372,0.5000000000670807,0.5344374490375203,control,2048,nmr,triangulum-ceu,21,11,8,2,2026-10-05T18:50:07.064655+00:00,2026-10-05T18:52:13.266987+00:00
D1_exp1_A_003,D1,FULL,A,3,125.184,0.8245188462929331,0.30577241672205335,0.27249831815110803,0.8245188462865907,0.3057724167873712,0.27249831815766257,0.0937650485121335,0.05000000004529275,0.12601151363876212,0.10000000004029731,0.16343253327576812,0.15000000004191974,0.015261077526756943,0.19999999996993864,0.09343314944173235,0.2000000000105298,0.13553335624413945,0.1499999999542137,0.2338809884569089,0.09999999996933849,0.1386823329037986,0.049999999968469704,0.5000000000974485,0.3984701729534207,0.5000000000503335,0.44874306783676743,0.5000000000670808,0.5845117196865429,exp1,2048,nmr,triangulum-ceu,18,8,8,2,2026-10-05T18:52:13.275982+00:00,2026-10-05T18:54:18.459565+00:00
D1_exp1_B_003,D1,FULL,B,3,126.187,0.9443131940913054,0.1816573086708273,0.16971333319278142,0.9443131941044909,0.18165730869035895,0.16971333318719498,0.05232538649385448,0.05000000004529278,0.1277771336582293,0.10000000004029726,0.15162713161181213,0.1500000000419197,0.09243000257443044,0.19999999996993864,0.12591268873521055,0.2000000000105297,0.15264396809512404,0.14999999995421368,0.18104198717978415,0.09999999996933846,0.11624170165155474,0.04999999996846972,0.5000000000974485,0.4241596543383264,0.5000000000503335,0.4586591769824184,0.5000000000670808,0.5109071940206614,exp1,2048,nmr,triangulum-ceu,18,8,8,2,2026-10-05T18:54:18.462565+00:00,2026-10-05T18:56:24.649907+00:00
D1_exp1_B_004,D1,FULL,B,4,126.233,0.9043920967101258,0.2590429981639415,0.21200143936194815,0.9043920966821447,0.25904299825992094,0.21200143939768235,0.11649513932883707,0.05000000004529278,0.16454619789624675,0.10000000004029726,0.15900101581447298,0.1500000000419197,0.11440493997233832,0.19999999996993864,0.10857333677117159,0.2000000000105297,0.06983882345972166,0.14999999995421368,0.09813990153684746,0.09999999996933846,0.16900064522036415,0.04999999996846972,0.5000000000974485,0.5544472930118952,0.5000000000503335,0.4594534974559771,0.5000000000670808,0.48220939345132907,exp1,2048,nmr,triangulum-ceu,18,8,8,2,2026-10-05T18:56:24.654901+00:00,2026-10-05T18:58:30.888013+00:00
D1_exp1_A_004,D1,FULL,A,4,126.225,0.8202968120574632,0.34510327062685053,0.2948563753235512,0.8202968120239998,0.34510327060446244,0.29485637534138,0.21140719208745634,0.05000000004529275,0.15531600736591475,0.10000000004029731,0.046661870655803815,0.15000000004191974,0.03795844190600212,0.19999999996993864,0.1202764168337317,0.2000000000105298,0.15275736123157477,0.1499999999542137,0.22042176568348804,0.09999999996933849,0.055200944236028573,0.049999999968469704,0.5000000000974485,0.451343512015177,0.5000000000503335,0.6397569775186775,0.5000000000670808,0.5987672452604799,exp1,2048,nmr,triangulum-ceu,18,8,8,2,2026-10-05T18:58:30.895724+00:00,2026-10-05T19:00:37.120336+00:00
D1_control_B_004,D1,FULL,B,4,126.215,0.7976798881825538,0.3780592167617247,0.3165820424070905,0.7976798881296823,0.3780592167851229,0.3165820424516658,0.13923084264636001,0.05000000004529278,0.304882875362511,0.10000000004029722,0.08215480828930272,0.15000000004191968,0.018051375919751287,0.19999999996993864,0.1279475346202385,0.2000000000105297,0.09378706438558469,0.1499999999542137,0.12323900198360609,0.09999999996933846,0.11070649679264578,0.04999999996846972,0.5000000000974484,0.5443199022179251,0.5000000000503335,0.6658483170146944,0.5000000000670807,0.4725721875395074,control,2048,nmr,triangulum-ceu,21,11,8,2,2026-10-05T19:00:37.124316+00:00,2026-10-05T19:02:43.338939+00:00
D1_control_A_004,D1,FULL,A,4,126.157,0.9151444573616012,0.22165136709810393,0.1933378881911517,0.9151444573505191,0.22165136709144073,0.19333788819332778,0.16879041203479225,0.05000000004529274,0.11726802072676075,0.10000000004029726,0.06289694759806402,0.1500000000419197,0.21827078020352075,0.19999999996993859,0.1024225287960034,0.2000000000105297,0.11302915651449182,0.14999999995421368,0.10287888285811986,0.09999999996933846,0.11444327126824715,0.049999999968469704,0.5000000000974483,0.5672261605631378,0.5000000000503335,0.5015101180720483,0.5000000000670807,0.43698877128697955,control,2048,nmr,triangulum-ceu,21,11,8,2,2026-10-05T19:02:43.342937+00:00,2026-10-05T19:04:49.500057+00:00
D1_control_A_005,D1,FULL,A,5,125.215,0.8084196017191309,0.36093230432212076,0.3031424795416053,0.8084196017030856,0.36093230437618046,0.3031424795591081,0.11811882287865186,0.05000000004529274,0.19410564266146582,0.10000000004029726,0.04372044931407137,0.1500000000419197,0.07551665160673347,0.19999999996993859,0.1944047457071367,0.2000000000105297,0.041170479642506384,0.14999999995421368,0.0842553693533716,0.09999999996933846,0.2487078388360628,0.049999999968469704,0.5000000000974483,0.43146156646092254,0.5000000000503335,0.5477996908897608,0.5000000000670807,0.44049938725323157,control,2048,nmr,triangulum-ceu,21,11,8,2,2026-10-05T19:04:49.504036+00:00,2026-10-05T19:06:54.720354+00:00
D1_control_B_005,D1,FULL,B,5,126.185,0.8304512300653102,0.3476721293912566,0.27586997735208885,0.8304512300415315,0.34767212941465475,0.2758699773751272,0.13708994696198593,0.05000000004529278,0.2360585517680623,0.10000000004029722,0.038478561480312916,0.15000000004191968,0.036053273704302495,0.19999999996993864,0.15101517144577895,0.2000000000105297,0.1267808639549509,0.1499999999542137,0.16182208433963238,0.09999999996933846,0.11270154634497415,0.04999999996846972,0.5000000000974484,0.44768033391466366,0.5000000000503335,0.6509445341307781,0.5000000000670807,0.4884057642277102,control,2048,nmr,triangulum-ceu,21,11,8,2,2026-10-05T19:06:54.725349+00:00,2026-10-05T19:09:00.911002+00:00
D1_exp1_A_005,D1,FULL,A,5,126.299,0.8496974553899381,0.26460361777695673,0.24447125054460248,0.8496974553698303,0.26460361775456864,0.24447125055235205,0.12860113252032315,0.05000000004529275,0.10895524541275411,0.10000000004029731,0.13595244237634396,0.15000000004191974,0.014406714630148849,0.19999999996993864,0.13503722523893852,0.2000000000105298,0.20901850166196242,0.1499999999542137,0.20482331626446368,0.09999999996933849,0.06320542189506535,0.049999999968469704,0.5000000000974485,0.38791553493957,0.5000000000503335,0.5816121048339781,0.5000000000670808,0.6044141164000691,exp1,2048,nmr,triangulum-ceu,18,8,8,2,2026-10-05T19:09:00.919994+00:00,2026-10-05T19:11:07.218874+00:00
D1_exp1_B_005,D1,FULL,B,5,126.192,0.9066290333490308,0.2594268220762028,0.20917923201111424,0.9066290333417529,0.259426822099601,0.20917923202513033,0.0961272120190257,0.05000000004529278,0.1319850347121465,0.10000000004029726,0.1405995134995928,0.1500000000419197,0.11882835672548343,0.19999999996993864,0.11919484102361455,0.2000000000105297,0.06195046665170807,0.14999999995421368,0.15060543068893553,0.09999999996933846,0.18070914467949317,0.04999999996846972,0.5000000000974485,0.48754011695624855,0.5000000000503335,0.4092575544064949,0.5000000000670808,0.5065269972311688,exp1,2048,nmr,triangulum-ceu,18,8,8,2,2026-10-05T19:11:07.229868+00:00,2026-10-05T19:13:13.422149+00:00
D1_exp1_B_006,D1,FULL,B,6,126.234,0.9366140286627949,0.22556434159390198,0.17912922710429158,0.9366140286576434,0.22556434165921993,0.17912922712731721,0.05751698857305431,0.05000000004529278,0.15107875304514481,0.10000000004029726,0.18363833285064707,0.1500000000419197,0.09060181987404686,0.19999999996993864,0.12654286636360876,0.2000000000105297,0.10729097210312448,0.14999999995421368,0.1563272177260356,0.09999999996933846,0.12700304946433819,0.04999999996846972,0.5000000000974485,0.48283589434289303,0.5000000000503335,0.4424295800849324,0.5000000000670808,0.5240254055133458,exp1,2048,nmr,triangulum-ceu,18,8,8,2,2026-10-05T19:13:13.431183+00:00,2026-10-05T19:15:19.665516+00:00
D1_exp1_A_006,D1,FULL,A,6,126.159,0.9446032897364535,0.205119442461412,0.1619121920872489,0.9446032897179492,0.20511944252672992,0.16191219212007027,0.09979791493415512,0.05000000004529275,0.12456779608370729,0.10000000004029731,0.1732148669695146,0.15000000004191974,0.09091248082704381,0.19999999996993864,0.14264780239276167,0.2000000000105298,0.11132027425346461,0.1499999999542137,0.14585006721335173,0.09999999996933849,0.11168879732600119,0.049999999968469704,0.5000000000974485,0.48849305881442084,0.5000000000503335,0.4783337876640886,0.5000000000670808,0.5615106515097831,exp1,2048,nmr,triangulum-ceu,18,8,8,2,2026-10-05T19:15:19.674456+00:00,2026-10-05T19:17:25.833288+00:00
D1_control_B_006,D1,FULL,B,6,126.207,0.7961875941240786,0.3911406109430213,0.2998947571511548,0.7961875940890764,0.39114061096641956,0.29989475718254804,0.2040453890150609,0.05000000004529278,0.2096834599576848,0.10000000004029722,0.022355783851847232,0.15000000004191968,0.050585921360965125,0.19999999996993864,0.1578974515583184,0.2000000000105297,0.07802023226244967,0.1499999999542137,0.14808187362262573,0.09999999996933846,0.12932988837104806,0.04999999996846972,0.5000000000974484,0.48667055418555805,0.5000000000503335,0.6496465327935138,0.5000000000670807,0.5323804980478523,control,2048,nmr,triangulum-ceu,21,11,8,2,2026-10-05T19:17:25.836289+00:00,2026-10-05T19:19:32.043154+00:00
D1_control_A_006,D1,FULL,A,6,126.202,0.8928189248688229,0.27138965739436094,0.22653185606351253,0.8928189248573941,0.2713896574177591,0.2265318560774469,0.12137350935801193,0.05000000004529274,0.16332553302828537,0.10000000004029726,0.12432947815210496,0.1500000000419197,0.08888108129000076,0.19999999996993859,0.07996121433289183,0.2000000000105297,0.13543856880724334,0.14999999995421368,0.11714724311081032,0.09999999996933846,0.16954337192065153,0.049999999968469704,0.5000000000974483,0.49790960182840294,0.5000000000503335,0.5000988255264324,0.5000000000670807,0.44281144495381897,control,2048,nmr,triangulum-ceu,21,11,8,2,2026-10-05T19:19:32.054117+00:00,2026-10-05T19:21:38.256328+00:00
D1_control_A_007,D1,FULL,A,7,126.229,0.9097214002927184,0.2589621590135539,0.20921720401485439,0.9097214002717439,0.2589621590369521,0.20921720404080962,0.11279907675527027,0.05000000004529274,0.1808222696464378,0.10000000004029726,0.1357090744092647,0.1500000000419197,0.077267881180545,0.19999999996993859,0.09801924723116341,0.2000000000105297,0.13004163814207478,0.14999999995421368,0.14066584902618567,0.09999999996933846,0.12467496360905836,0.049999999968469704,0.5000000000974483,0.5065983019915179,0.5000000000503335,0.5216822317749463,0.5000000000670807,0.4871932474218842,control,2048,nmr,triangulum-ceu,21,11,8,2,2026-10-05T19:21:38.267912+00:00,2026-10-05T19:23:44.496466+00:00
D1_control_B_007,D1,FULL,B,7,125.234,0.915953259612441,0.2271387563618813,0.21463370423728684,0.9159532595632274,0.22713875637015477,0.21463370428685158,0.11049967211317425,0.05000000004529278,0.2535037620982846,0.10000000004029722,0.08848116655086596,0.15000000004191968,0.08729866029399533,0.19999999996993864,0.19436421647898564,0.2000000000105297,0.15512555768646294,0.1499999999542137,0.05271720030599831,0.09999999996933846,0.05800976447223285,0.04999999996846972,0.5000000000974484,0.5397832610563202,0.5000000000503335,0.7134932083769077,0.5000000000670807,0.4460622554490242,control,2048,nmr,triangulum-ceu,21,11,8,2,2026-10-05T19:23:44.506133+00:00,2026-10-05T19:25:49.739882+00:00
D1_exp1_A_007,D1,FULL,A,7,126.224,0.9741248724292845,0.12085883266188065,0.11392945789628425,0.9741248724192628,0.12085883264111497,0.11392945791153851,0.09274918677893196,0.05000000004529275,0.09689116055149163,0.10000000004029731,0.15379744530618422,0.15000000004191974,0.10731882200802317,0.19999999996993864,0.17493118479937023,0.2000000000105298,0.18039099967187272,0.1499999999542137,0.1252732943635932,0.09999999996933849,0.06864790652053286,0.049999999968469704,0.5000000000974485,0.45075661464463096,0.5000000000503335,0.5449625318016665,0.5000000000670808,0.5467511112480796,exp1,2048,nmr,triangulum-ceu,18,8,8,2,2026-10-05T19:25:49.749850+00:00,2026-10-05T19:27:55.973565+00:00
D1_exp1_B_007,D1,FULL,B,7,126.25,0.9336958207806966,0.2196998468594209,0.1716283675172305,0.9336958207756755,0.2196998468828191,0.1716283675244679,0.12757940257702302,0.05000000004529278,0.1064539867721725,0.10000000004029726,0.09986950617469602,0.1500000000419197,0.11956903234233207,0.19999999996993864,0.15224551137121584,0.2000000000105297,0.10861610322893697,0.14999999995421368,0.14315469584731833,0.09999999996933846,0.14251176168630525,0.04999999996846972,0.5000000000974485,0.45347192786622365,0.5000000000503335,0.4948950039493484,0.5000000000670808,0.5228491159702532,exp1,2048,nmr,triangulum-ceu,18,8,8,2,2026-10-05T19:27:55.980612+00:00,2026-10-05T19:30:02.230265+00:00
D1_exp1_B_008,D1,FULL,B,8,126.258,0.9524820727643635,0.190487326638797,0.15035988242674583,0.9524820727715928,0.1904873266621952,0.15035988242796583,0.0644235649708933,0.05000000004529278,0.1366116765496318,0.10000000004029726,0.11028260325575794,0.1500000000419197,0.11374321563768108,0.19999999996993864,0.17367121045574718,0.2000000000105297,0.11181564398861855,0.14999999995421368,0.160581550327116,0.09999999996933846,0.12887053481455407,0.04999999996846972,0.5000000000974485,0.42506106041396413,0.5000000000503335,0.4865220959648908,0.5000000000670808,0.5089589290095144,exp1,2048,nmr,triangulum-ceu,18,8,8,2,2026-10-05T19:30:02.235263+00:00,2026-10-05T19:32:08.493428+00:00
D1_exp1_A_008,D1,FULL,A,8,126.194,0.8959678529629039,0.2889031027508544,0.2243643435257828,0.8959678529650207,0.2889031027742526,0.2243643435254658,0.09874854975106426,0.05000000004529275,0.15341736828297603,0.10000000004029731,0.07089008385231885,0.15000000004191974,0.06681079018678092,0.19999999996993864,0.1496951495080358,0.2000000000105298,0.12370087367861188,0.1499999999542137,0.20843789484736153,0.09999999996933849,0.12829928989285075,0.049999999968469704,0.5000000000974485,0.3898667920731401,0.5000000000503335,0.525561941220688,0.5000000000670808,0.5277716779587804,exp1,2048,nmr,triangulum-ceu,18,8,8,2,2026-10-05T19:32:08.496448+00:00,2026-10-05T19:34:14.690258+00:00
D1_control_B_008,D1,FULL,B,8,125.227,0.8200360263022639,0.3897641764237707,0.30457383675450095,0.8200360263176232,0.3897641764471689,0.3045738367430904,0.11726466722038748,0.05000000004529278,0.12171739573112829,0.10000000004029722,0.0636401106823123,0.15000000004191968,0.05727864646829394,0.19999999996993864,0.09238388065791224,0.2000000000105297,0.09693318574431257,0.1499999999542137,0.23795380944476135,0.09999999996933846,0.21282830405089168,0.04999999996846972,0.5000000000974484,0.3599008201021221,0.5000000000503335,0.42829912935374065,0.5000000000670807,0.5112424680053734,control,2048,nmr,triangulum-ceu,21,11,8,2,2026-10-05T19:34:14.701929+00:00,2026-10-05T19:36:19.929291+00:00
D1_control_A_008,D1,FULL,A,8,126.238,0.8563792982430448,0.32316099855280245,0.2666074241409371,0.8563792982100845,0.3231609985762007,0.2666074241641832,0.22833619132012556,0.05000000004529274,0.16695304098444463,0.10000000004029726,0.052288786512792715,0.1500000000419197,0.13415819773877974,0.19999999996993859,0.06957680074612393,0.2000000000105297,0.120815216426103,0.14999999995421368,0.13607064888045878,0.09999999996933846,0.09180111739117178,0.049999999968469704,0.5000000000974483,0.5817362165561426,0.5000000000503335,0.5856812494767971,0.5000000000670807,0.486272427459501,control,2048,nmr,triangulum-ceu,21,11,8,2,2026-10-05T19:36:19.935285+00:00,2026-10-05T19:38:26.172798+00:00
D1_control_A_009,D1,FULL,A,9,126.18,0.7510850382739105,0.42870506915462925,0.3588049349276437,0.7510850382487673,0.42870506917802753,0.3588049349459415,0.26716066775749625,0.05000000004529274,0.12360962214537835,0.10000000004029726,0.038506815589378574,0.1500000000419197,0.04674752515828143,0.19999999996993859,0.09794025952425865,0.2000000000105297,0.08810033055005383,0.14999999995421368,0.1127262057678445,0.09999999996933846,0.22520857350730838,0.049999999968469704,0.5000000000974483,0.4760246306505346,0.5000000000503335,0.576810879977187,0.5000000000670807,0.516333948638978,control,2048,nmr,triangulum-ceu,21,11,8,2,2026-10-05T19:38:26.186788+00:00,2026-10-05T19:40:32.367130+00:00
D1_control_B_009,D1,FULL,B,9,126.188,0.8510125572593392,0.34384680266601164,0.2642662480050686,0.8510125572411142,0.3438468026894098,0.264266248020299,0.15851701864896445,0.05000000004529278,0.18098816617734712,0.10000000004029722,0.07213377409049047,0.15000000004191968,0.0525352898379496,0.19999999996993864,0.09459707285656381,0.2000000000105297,0.13688706052558633,0.1499999999542137,0.16135562903113204,0.09999999996933846,0.14298598883196623,0.04999999996846972,0.5000000000974484,0.4641742487547516,0.5000000000503335,0.5709893182084617,0.5000000000670807,0.4866034946271508,control,2048,nmr,triangulum-ceu,21,11,8,2,2026-10-05T19:40:32.380155+00:00,2026-10-05T19:42:38.567657+00:00
D1_exp1_A_009,D1,FULL,A,9,126.236,0.825992434708703,0.3092172530796651,0.26895605863781036,0.8259924346690135,0.30921725314498294,0.2689560586824251,0.08729146923186148,0.05000000004529275,0.1902428166832106,0.10000000004029731,0.18202044348687899,0.15000000004191974,0.026776374825170236,0.19999999996993864,0.17522862461310246,0.2000000000105298,0.038777747416744314,0.1499999999542137,0.11323677053110273,0.09999999996933849,0.186425753211929,0.049999999968469704,0.5000000000974485,0.48633110422712145,0.5000000000503335,0.49154065794491897,0.5000000000670808,0.5577773078629458,exp1,2048,nmr,triangulum-ceu,18,8,8,2,2026-10-05T19:42:38.571656+00:00,2026-10-05T19:44:44.807836+00:00
D1_exp1_B_009,D1,FULL,B,9,126.286,0.9064791758267658,0.2983112384347335,0.22250197865357163,0.9064791758224645,0.2983112384581317,0.2225019786640994,0.07663224859296872,0.05000000004529278,0.19646854036812392,0.10000000004029726,0.09190875600634502,0.1500000000419197,0.09461427941982455,0.19999999996993864,0.12502226917547202,0.2000000000105297,0.0901434569402267,0.14999999995421368,0.20272334565511757,0.09999999996933846,0.12248710384192149,0.04999999996846972,0.5000000000974485,0.4596238243872622,0.5000000000503335,0.48826651507679136,0.5000000000670808,0.4962866194299033,exp1,2048,nmr,triangulum-ceu,18,8,8,2,2026-10-05T19:44:44.820827+00:00,2026-10-05T19:46:51.106560+00:00
D1_exp1_B_010,D1,FULL,B,10,126.204,0.9414272507720787,0.19463393936608853,0.166424541696728,0.9414272507851373,0.19463393934419396,0.16642454170421367,0.03126806036625988,0.05000000004529278,0.14860887657303004,0.10000000004029726,0.13852503146413567,0.1500000000419197,0.08948742632844162,0.19999999996993864,0.18880769122786858,0.2000000000105297,0.10727785126910026,0.14999999995421368,0.1693651660065941,0.09999999996933846,0.1266598967645698,0.04999999996846972,0.5000000000974485,0.40788939473186725,0.5000000000503335,0.4759624794362588,0.5000000000670808,0.5279659490648583,exp1,2048,nmr,triangulum-ceu,18,8,8,2,2026-10-05T19:46:51.117560+00:00,2026-10-05T19:48:57.322020+00:00
D1_exp1_A_010,D1,FULL,A,10,125.255,0.916543440371141,0.23282833310659284,0.20772526042076978,0.9165434403469194,0.23282833313161344,0.20772526044179082,0.14401353302218958,0.05000000004529275,0.09122216911215751,0.10000000004029731,0.16415603705625476,0.15000000004191974,0.07827378639218305,0.19999999996993864,0.11762104758754098,0.2000000000105298,0.130054663776505,0.1499999999542137,0.2084949142005961,0.09999999996933849,0.06616384885257298,0.049999999968469704,0.5000000000974485,0.47766552558278497,0.5000000000503335,0.48291141349839317,0.5000000000670808,0.6342855318665814,exp1,2048,nmr,triangulum-ceu,18,8,8,2,2026-10-05T19:48:57.334450+00:00,2026-10-05T19:51:02.590288+00:00
D1_control_B_010,D1,FULL,B,10,126.135,0.882499067694621,0.3297648545634882,0.23691076550955692,0.8824990676668332,0.3297648545868863,0.23691076553412957,0.1571716458532796,0.05000000004529278,0.18266687723687472,0.10000000004029722,0.08110305107230766,0.15000000004191968,0.1281836161724612,0.19999999996993864,0.09451639893325642,0.2000000000105297,0.06643207923508833,0.1499999999542137,0.17112018850429236,0.09999999996933846,0.11880614299243963,0.04999999996846972,0.5000000000974484,0.5491251903349232,0.5000000000503335,0.5007870012584991,0.5000000000670807,0.503911284363136,control,2048,nmr,triangulum-ceu,21,11,8,2,2026-10-05T19:51:02.597271+00:00,2026-10-05T19:53:08.733014+00:00
D1_control_A_010,D1,FULL,A,10,126.181,0.8815064800422174,0.30371706003836296,0.2402307648266529,0.8815064800181649,0.30371706006176113,0.24023076485491443,0.11685082486040142,0.05000000004529274,0.18655884135750592,0.10000000004029726,0.12320131757976095,0.1500000000419197,0.09408868664904806,0.19999999996993859,0.11319783808634784,0.2000000000105297,0.06579509762308196,0.14999999995421368,0.1123335501270211,0.09999999996933846,0.18797384371683268,0.049999999968469704,0.5000000000974483,0.5206996704467164,0.5000000000503335,0.4824026019273372,0.5000000000670807,0.46558353065353136,control,2048,nmr,triangulum-ceu,21,11,8,2,2026-10-05T19:53:08.746974+00:00,2026-10-05T19:55:14.928240+00:00
D1_control_A_011,D1,FULL,A,11,126.215,0.8451889459210573,0.33396602717336854,0.26962364576630743,0.8451889458784805,0.3339660271967668,0.26962364580207215,0.17753852155612543,0.05000000004529274,0.2515128258097167,0.10000000004029726,0.02179514468964184,0.1500000000419197,0.11960674464256033,0.19999999996993859,0.14077730512800435,0.2000000000105297,0.0838547783430267,0.14999999995421368,0.15179671245769247,0.09999999996933846,0.053117967373232246,0.049999999968469704,0.5000000000974483,0.5704532366980443,0.5000000000503335,0.6536834308368732,0.5000000000670807,0.4919076838314641,control,2048,nmr,triangulum-ceu,21,11,8,2,2026-10-05T19:55:14.941734+00:00,2026-10-05T19:57:21.156670+00:00
D1_control_B_011,D1,FULL,B,11,126.223,0.8148444908138239,0.37074366227796707,0.293605211845151,0.8148444907667937,0.37074366230136524,0.29360521188272787,0.1956881767362335,0.05000000004529278,0.2287030246513185,0.10000000004029722,0.05176406171193573,0.15000000004191968,0.031029350421684972,0.19999999996993864,0.13854207123555262,0.2000000000105297,0.10792085432946143,0.1499999999542137,0.15160385272819607,0.09999999996933846,0.09474860818561708,0.04999999996846972,0.5000000000974484,0.5071846135211728,0.5000000000503335,0.6708541269525661,0.5000000000670807,0.537598162411918,control,2048,nmr,triangulum-ceu,21,11,8,2,2026-10-05T19:57:21.160681+00:00,2026-10-05T19:59:27.384017+00:00
D1_exp1_A_011,D1,FULL,A,11,126.135,0.912985606279608,0.2424845710627404,0.20584941135943977,0.9129856062235964,0.24248457112805832,0.20584941142259344,0.1302823922356014,0.05000000004529275,0.19865029932932735,0.10000000004029731,0.16722776517988022,0.15000000004191974,0.060623667684199384,0.19999999996993864,0.1501140149926128,0.2000000000105298,0.09677774619512954,0.1499999999542137,0.12949043108901087,0.09999999996933849,0.06683368329423862,0.049999999968469704,0.5000000000974485,0.5567841244290083,0.5000000000503335,0.5758244527526709,0.5000000000670808,0.5771146034971052,exp1,2048,nmr,triangulum-ceu,18,8,8,2,2026-10-05T19:59:27.388975+00:00,2026-10-05T20:01:33.524161+00:00
D1_exp1_B_011,D1,FULL,B,11,125.224,0.9348550721300259,0.2145096302196408,0.19056160235021413,0.9348550721324528,0.214509630243039,0.1905616023399496,0.08098284918252659,0.05000000004529278,0.12258828707459335,0.10000000004029726,0.09882102596071644,0.1500000000419197,0.195173874776056,0.19999999996993864,0.1188106505077179,0.2000000000105297,0.07268481851247069,0.14999999995421368,0.2382664380098655,0.09999999996933846,0.07267205597605363,0.04999999996846972,0.5000000000974485,0.49756603699389235,0.5000000000503335,0.3950666052773085,0.5000000000670808,0.5368809636608264,exp1,2048,nmr,triangulum-ceu,18,8,8,2,2026-10-05T20:01:33.535097+00:00,2026-10-05T20:03:38.759367+00:00
D1_exp1_B_012,D1,FULL,B,12,126.19,0.9453953722241437,0.2016886361598377,0.16821468262914377,0.9453953722363116,0.20168863613407656,0.16821468263417985,0.02805648365375597,0.05000000004529278,0.17952061052533141,0.10000000004029726,0.162686279321949,0.1500000000419197,0.11307331443141834,0.19999999996993864,0.10718156578074912,0.2000000000105297,0.15872318003122823,0.14999999995421368,0.15217424288715106,0.09999999996933846,0.09858432336841676,0.04999999996846972,0.5000000000974485,0.48333668793245477,0.5000000000503335,0.4734818399910648,0.5000000000670808,0.4500985716436052,exp1,2048,nmr,triangulum-ceu,18,8,8,2,2026-10-05T20:03:38.763527+00:00,2026-10-05T20:05:44.953857+00:00
D1_exp1_A_012,D1,FULL,A,12,126.158,0.9143648229264677,0.264992146734512,0.22085759538844374,0.9143648229080611,0.26499214675791016,0.22085759540427613,0.09208994878042082,0.05000000004529275,0.17721997038968992,0.10000000004029731,0.13535351137751822,0.15000000004191974,0.11777587011376504,0.19999999996993864,0.08282867064308283,0.2000000000105298,0.0990498011077238,0.1499999999542137,0.2325552819620054,0.09999999996933849,0.06312694562579403,0.049999999968469704,0.5000000000974485,0.522439300661394,0.5000000000503335,0.45118839092091734,0.5000000000670808,0.5428274127630273,exp1,2048,nmr,triangulum-ceu,18,8,8,2,2026-10-05T20:05:44.968128+00:00,2026-10-05T20:07:51.125654+00:00
D1_control_B_012,D1,FULL,B,12,126.26,0.84361205944722,0.33405652932786756,0.2665890048274484,0.8436120594129145,0.33405652935126584,0.2665890048604176,0.175543537733479,0.05000000004529278,0.21192088524000166,0.10000000004029722,0.040702532550238694,0.15000000004191968,0.05725834532757119,0.19999999996993864,0.1673519001633525,0.2000000000105297,0.10063069260757178,0.1499999999542137,0.1144369902900934,0.09999999996933846,0.13215511608769165,0.04999999996846972,0.5000000000974484,0.4854253008512906,0.5000000000503335,0.6554470157444051,0.5000000000670807,0.49803496073716363,control,2048,nmr,triangulum-ceu,21,11,8,2,2026-10-05T20:07:51.140588+00:00,2026-10-05T20:09:57.400399+00:00
D1_control_A_012,D1,FULL,A,12,126.266,0.8880541860323125,0.33212047406326106,0.24291054741723844,0.8880541860203395,0.33212047408665923,0.24291054742951596,0.10139324547535813,0.05000000004529274,0.19387682001016432,0.10000000004029726,0.07849726524569313,0.1500000000419197,0.1003964302315568,0.19999999996993859,0.11627262643156172,0.2000000000105297,0.07271320400452908,0.14999999995421368,0.22565748107179393,0.09999999996933846,0.11119292752934301,0.049999999968469704,0.5000000000974483,0.47416376096277224,0.5000000000503335,0.4842558959216131,0.5000000000670807,0.5218206182244067,control,2048,nmr,triangulum-ceu,21,11,8,2,2026-10-05T20:09:57.418387+00:00,2026-10-05T20:12:03.684040+00:00
D1_control_A_013,D1,FULL,A,13,126.139,0.877246219819891,0.3370437507794551,0.2449724689096334,0.8772462198044505,0.3370437508028533,0.24497246892809013,0.1065558886308499,0.05000000004529274,0.18849888822306726,0.10000000004029726,0.09562128868764268,0.1500000000419197,0.08412087958716719,0.19999999996993859,0.12066859278234032,0.2000000000105297,0.0625454881399965,0.14999999995421368,0.18540611810227545,0.09999999996933846,0.1565828558466608,0.049999999968469704,0.5000000000974483,0.4747969451287269,0.5000000000503335,0.47826885777625383,0.5000000000670807,0.5082518882031082,control,2048,nmr,triangulum-ceu,21,11,8,2,2026-10-05T20:12:03.695017+00:00,2026-10-05T20:14:09.833556+00:00
D1_control_B_013,D1,FULL,B,13,126.219,0.7704540791401233,0.4516596509494968,0.33200940877160295,0.7704540791154245,0.45165965097289484,0.33200940879222607,0.17246002766349083,0.05000000004529278,0.2419603022581201,0.10000000004029722,0.04078835551149423,0.15000000004191968,0.03793123971011308,0.19999999996993864,0.07325173947376779,0.2000000000105297,0.09636901433172998,0.1499999999542137,0.179181697785518,0.09999999996933846,0.15805762326576586,0.04999999996846972,0.5000000000974484,0.4931399251432183,0.5000000000503335,0.5840410837271087,0.5000000000670807,0.465681820434271,control,2048,nmr,triangulum-ceu,21,11,8,2,2026-10-05T20:14:09.838554+00:00,2026-10-05T20:16:16.057289+00:00
D1_exp1_A_013,D1,FULL,A,13,126.19,0.8696860630641258,0.2917393406115584,0.2375514292333778,0.8696860630265938,0.29173934063495655,0.23755142927405273,0.12104460378822621,0.05000000004529275,0.18740029047826928,0.10000000004029731,0.1437056025335492,0.15000000004191974,0.033995743791011085,0.19999999996993864,0.14456745382016234,0.2000000000105298,0.08599185922032081,0.1499999999542137,0.15979198614676265,0.09999999996933849,0.1235024602216984,0.049999999968469704,0.5000000000974485,0.4861462405910558,0.5000000000503335,0.5390042073069787,0.5000000000670808,0.5691096462887005,exp1,2048,nmr,triangulum-ceu,18,8,8,2,2026-10-05T20:16:16.066460+00:00,2026-10-05T20:18:22.256155+00:00
D1_exp1_B_013,D1,FULL,B,13,125.186,0.9369744489146562,0.2128666099201053,0.17663358074974878,0.9369744488918451,0.21286660998542326,0.1766335807880877,0.07983018977886501,0.05000000004529278,0.19501582698445194,0.10000000004029726,0.15610375014092812,0.1500000000419197,0.14589862165761378,0.19999999996993864,0.11150858908086056,0.2000000000105297,0.07972617927610241,0.14999999995421368,0.10784471529889113,0.09999999996933846,0.12407212778228698,0.04999999996846972,0.5000000000974485,0.5768483885618589,0.5000000000503335,0.46608078512028,0.5000000000670808,0.4552872442995449,exp1,2048,nmr,triangulum-ceu,18,8,8,2,2026-10-05T20:18:22.261138+00:00,2026-10-05T20:20:27.446704+00:00
D1_exp1_B_014,D1,FULL,B,14,126.289,0.9002660716993202,0.2794957991152444,0.23521785133532092,0.9002660716746619,0.2794957991805624,0.23521785136573203,0.0607212693858287,0.05000000004529278,0.21363710328388844,0.10000000004029726,0.19395713467341832,0.1500000000419197,0.12423488571175093,0.19999999996993864,0.05893066404228703,0.2000000000105297,0.08733865106539966,0.14999999995421368,0.2036473392664577,0.09999999996933846,0.057532952570969215,0.04999999996846972,0.5000000000974485,0.5925503930548863,0.5000000000503335,0.42062768777740384,0.5000000000670808,0.5172564073679917,exp1,2048,nmr,triangulum-ceu,18,8,8,2,2026-10-05T20:20:27.451705+00:00,2026-10-05T20:22:33.740438+00:00
D1_exp1_A_014,D1,FULL,A,14,126.248,0.8971228254965681,0.258391579519226,0.23321850484378404,0.8971228254863847,0.25839157954262415,0.23321850485466888,0.08307998199942383,0.05000000004529275,0.14795649025639818,0.10000000004029731,0.14798086749169595,0.15000000004191974,0.05102498923090231,0.19999999996993864,0.11594391876003203,0.2000000000105298,0.12665864497474555,0.1499999999542137,0.24093398588825737,0.09999999996933849,0.08642112139854474,0.049999999968469704,0.5000000000974485,0.4300423289784204,0.5000000000503335,0.47363903599059964,0.5000000000670808,0.5879387541394093,exp1,2048,nmr,triangulum-ceu,18,8,8,2,2026-10-05T20:22:33.744436+00:00,2026-10-05T20:24:39.993159+00:00
D1_control_B_014,D1,FULL,B,14,115.165,0.8092203069201077,0.40270454962710744,0.30579416957591365,0.8092203068851281,0.40270454965050567,0.30579416960479644,0.16151084653366782,0.05000000004529278,0.253099568650008,0.10000000004029722,0.057900558878600884,0.15000000004191968,0.0357853192769507,0.19999999996993864,0.09570893684277199,0.2000000000105297,0.10790063535117075,0.1499999999542137,0.17030833318371594,0.09999999996933846,0.11778580128311401,0.04999999996846972,0.5000000000974484,0.5082962933392272,0.5000000000503335,0.6182199873776184,0.5000000000670807,0.4854286754387565,control,2048,nmr,triangulum-ceu,21,11,8,2,2026-10-05T20:39:59.211279+00:00,2026-10-05T20:41:54.375823+00:00
D1_control_A_014,D1,FULL,A,14,125.173,0.7985953180550153,0.41510623242707356,0.31678402365809727,0.798595318029922,0.41510623245047173,0.3167840236733834,0.2287704746761765,0.05000000004529274,0.13414109141223082,0.10000000004029726,0.06563674136163865,0.1500000000419197,0.11071549931565812,0.19999999996993859,0.047984854498962934,0.2000000000105297,0.060556672373268575,0.14999999995421368,0.21825373977043927,0.09999999996933846,0.13394092659162515,0.049999999968469704,0.5000000000974483,0.5392638067657042,0.5000000000503335,0.47145309296063886,0.5000000000670807,0.5606458103072174,control,2048,nmr,triangulum-ceu,21,11,8,2,2026-10-05T20:41:54.382820+00:00,2026-10-05T20:43:59.555823+00:00
D1_control_A_015,D1,FULL,A,15,126.237,0.8411350607110731,0.36912171621393397,0.2932397058567413,0.8411350606702359,0.36912171623733214,0.2932397058915521,0.11809651689485796,0.05000000004529274,0.2713560860595401,0.10000000004029726,0.09913023710604178,0.1500000000419197,0.042111958270513714,0.19999999996993859,0.09816414159961899,0.2000000000105297,0.09147194678649335,0.14999999995421368,0.19852431941557672,0.09999999996933846,0.08114479386735737,0.049999999968469704,0.5000000000974483,0.5306947983309536,0.5000000000503335,0.5790886913405104,0.5000000000670807,0.5139152150160955,control,2048,nmr,triangulum-ceu,21,11,8,2,2026-10-05T20:43:59.559824+00:00,2026-10-05T20:46:05.798028+00:00
D1_control_B_015,D1,FULL,B,15,126.241,0.8723686576938301,0.2872156438878716,0.2480724779495391,0.8723686576422337,0.2872156439419313,0.24807247799783202,0.1661220741817513,0.05000000004529278,0.22878935178845186,0.10000000004029722,0.07521338189132094,0.15000000004191968,0.050200360148697276,0.19999999996993864,0.17757635859172116,0.2000000000105297,0.116950443864752,0.1499999999542137,0.09284381156157731,0.09999999996933846,0.09230421797172808,0.04999999996846972,0.5000000000974484,0.5203251680102216,0.5000000000503335,0.6894382284266765,0.5000000000670807,0.5117556262263707,control,2048,nmr,triangulum-ceu,21,11,8,2,2026-10-05T20:46:05.805511+00:00,2026-10-05T20:48:12.046969+00:00
D1_exp1_A_015,D1,FULL,A,15,126.249,0.9446718060139391,0.1781438917463637,0.15922989124888057,0.9446718059800212,0.1781438917697619,0.15922989129082335,0.08540851908281923,0.05000000004529275,0.19974243600362335,0.10000000004029731,0.10194167336535616,0.15000000004191974,0.19442128925197222,0.19999999996993864,0.17379608094496385,0.2000000000105298,0.05169706466794591,0.1499999999542137,0.13787950794533252,0.09999999996933849,0.055113428737986817,0.049999999968469704,0.5000000000974485,0.5815139177037709,0.5000000000503335,0.5106441006993523,0.5000000000670808,0.49902578133847175,exp1,2048,nmr,triangulum-ceu,18,8,8,2,2026-10-05T20:48:12.068987+00:00,2026-10-05T20:50:18.318069+00:00
D1_exp1_B_015,D1,FULL,B,15,126.193,0.9050358530480681,0.27027743408840443,0.2170761900090895,0.905035853034,0.27027743411180266,0.21707619001803663,0.12476888106222672,0.05000000004529278,0.17980798489762087,0.10000000004029726,0.05737870273549267,0.1500000000419197,0.08677356090890159,0.19999999996993864,0.13665124474043353,0.2000000000105297,0.1489190575033696,0.14999999995421368,0.19693926630153524,0.09999999996933846,0.06876130185041986,0.04999999996846972,0.5000000000974485,0.4487291296042418,0.5000000000503335,0.5901471682036508,0.5000000000670808,0.5157380948396881,exp1,2048,nmr,triangulum-ceu,18,8,8,2,2026-10-05T20:50:18.334058+00:00,2026-10-05T20:52:24.526759+00:00
D1_exp1_B_016,D1,FULL,B,16,126.278,0.9298591648128843,0.21913678475321002,0.18540242645007607,0.9298591648024952,0.219136784730822,0.18540242645414817,0.11794830192381063,0.05000000004529278,0.1322911409618461,0.10000000004029726,0.13749328385424028,0.1500000000419197,0.12263575717877742,0.19999999996993864,0.0707341742361603,0.2000000000105297,0.1762148930026025,0.14999999995421368,0.16732733545709016,0.09999999996933846,0.07535511338547246,0.04999999996846972,0.5000000000974485,0.5103684839186746,0.5000000000503335,0.49718851012441967,0.5000000000670808,0.49350309547130145,exp1,2048,nmr,triangulum-ceu,18,8,8,2,2026-10-05T20:52:24.531942+00:00,2026-10-05T20:54:30.809923+00:00
D1_exp1_A_016,D1,FULL,A,16,125.238,0.9092366772337251,0.2520589182837976,0.19992318645110083,0.9092366772054721,0.2520589183491156,0.19992318649378663,0.08648451834014025,0.05000000004529275,0.1600628081079639,0.10000000004029731,0.18024637093275395,0.15000000004191974,0.10494823294661249,0.19999999996993864,0.14812296305454517,0.2000000000105298,0.0448698856497268,0.1499999999542137,0.12084934571654933,0.09999999996933849,0.1544158752517082,0.049999999968469704,0.5000000000974485,0.5317419303274705,0.5000000000503335,0.4395401751523761,0.5000000000670808,0.5357031980439887,exp1,2048,nmr,triangulum-ceu,18,8,8,2,2026-10-05T20:54:30.820943+00:00,2026-10-05T20:56:36.059308+00:00
D1_control_B_016,D1,FULL,B,16,126.301,0.8657757195709308,0.30871208504476993,0.2581815010415472,0.8657757195339958,0.3087120850223819,0.25818150107209115,0.1835923230101831,0.05000000004529278,0.21386800049854418,0.10000000004029722,0.06294332443739123,0.15000000004191968,0.0705975519682364,0.19999999996993864,0.10774703857199049,0.2000000000105297,0.15643049627886824,0.1499999999542137,0.10033339920243457,0.09999999996933846,0.10448786603235184,0.04999999996846972,0.5000000000974484,0.5310011999143548,0.5000000000503335,0.6616378583595858,0.5000000000670807,0.4546160852219993,control,2048,nmr,triangulum-ceu,21,11,8,2,2026-10-05T20:56:36.076307+00:00,2026-10-05T20:58:42.377038+00:00
D1_control_A_016,D1,FULL,A,16,126.244,0.8689933915987328,0.34189764813718115,0.2582122615757883,0.8689933915918425,0.34189764816057944,0.2582122615853764,0.09382649975989621,0.05000000004529274,0.19091158874374156,0.10000000004029726,0.0914676493644717,0.1500000000419197,0.05659186713723049,0.19999999996993859,0.11102927888376952,0.2000000000105297,0.09901355645394887,0.14999999995421368,0.2197509906948161,0.09999999996933846,0.13740856896212555,0.049999999968469704,0.5000000000974483,0.43279760500534,0.5000000000503335,0.4947809238413562,0.5000000000670807,0.5160744187029536,control,2048,nmr,triangulum-ceu,21,11,8,2,2026-10-05T20:58:42.384013+00:00,2026-10-05T21:00:48.628015+00:00
D1_control_A_017,D1,FULL,A,17,126.277,0.8401510390876257,0.3748980308983647,0.27361933427186835,0.8401510390783404,0.374898030921763,0.2736193342805164,0.15996595532617752,0.05000000004529274,0.15265986073438173,0.10000000004029726,0.04690717018730566,0.1500000000419197,0.07529096426420732,0.19999999996993859,0.12391586084498589,0.2000000000105297,0.07898797378173811,0.14999999995421368,0.19096636820762766,0.09999999996933846,0.17130584665357595,0.049999999968469704,0.5000000000974483,0.4348239505120723,0.5000000000503335,0.5155296506872833,0.5000000000670807,0.5217553545660968,control,2048,nmr,triangulum-ceu,21,11,8,2,2026-10-05T21:00:48.631999+00:00,2026-10-05T21:02:54.908954+00:00
D1_control_B_017,D1,FULL,B,17,125.202,0.8415695315849538,0.31663119491936903,0.27280063632897,0.8415695315398647,0.31663119494276726,0.2728006363667416,0.15334795585026015,0.05000000004529278,0.23801021641934167,0.10000000004029722,0.1104119666271302,0.15000000004191968,0.029424973813785314,0.19999999996993864,0.09461808744137615,0.2000000000105297,0.14891377717494111,0.1499999999542137,0.13092927281829167,0.09999999996933846,0.09434374985487368,0.04999999996846972,0.5000000000974484,0.5311951127105174,0.5000000000503335,0.6348900368859192,0.5000000000670807,0.48930728273705826,control,2048,nmr,triangulum-ceu,21,11,8,2,2026-10-05T21:02:54.920752+00:00,2026-10-05T21:05:00.123206+00:00
D1_exp1_A_017,D1,FULL,A,17,126.242,0.9317952440346626,0.20760724322354535,0.18186875062086724,0.9317952440159539,0.20760724324856594,0.18186875065503266,0.08903050039528444,0.05000000004529275,0.08851582799822613,0.10000000004029731,0.2224593448107539,0.15000000004191974,0.058974050115568756,0.19999999996993864,0.16613565400894137,0.2000000000105298,0.12876722462869777,0.1499999999542137,0.15377706082062675,0.09999999996933849,0.09234033722190081,0.049999999968469704,0.5000000000974485,0.4589797233198333,0.5000000000503335,0.47244920703114973,0.5000000000670808,0.6314025600356065,exp1,2048,nmr,triangulum-ceu,18,8,8,2,2026-10-05T21:05:00.128472+00:00,2026-10-05T21:07:06.370690+00:00
D1_exp1_B_017,D1,FULL,B,17,126.236,0.916963453857423,0.25046542455167037,0.2149198166266471,0.9169634538116301,0.2504654245750686,0.21491981668005694,0.10972722051398194,0.05000000004529278,0.24166991140858182,0.10000000004029726,0.14204980713548054,0.1500000000419197,0.09264295025409414,0.19999999996993864,0.12043863488183908,0.2000000000105297,0.09440318315351763,0.14999999995421368,0.11151078843787518,0.09999999996933846,0.08755750421462963,0.04999999996846972,0.5000000000974485,0.5860898893121386,0.5000000000503335,0.5662389499579206,0.5000000000670808,0.4837264509691768,exp1,2048,nmr,triangulum-ceu,18,8,8,2,2026-10-05T21:07:06.378669+00:00,2026-10-05T21:09:12.614980+00:00
D1_exp1_B_018,D1,FULL,B,18,126.245,0.9147061260578182,0.2644907593190155,0.21337039670700572,0.9147061260732571,0.26449075925133464,0.21337039669990102,0.04124904449749701,0.05000000004529278,0.220461654022621,0.10000000004029726,0.06360590872644876,0.1500000000419197,0.08311253389162011,0.19999999996993864,0.14754175363309943,0.2000000000105297,0.2065858405917973,0.14999999995421368,0.1394948780655636,0.09999999996933846,0.09794838657135264,0.04999999996846972,0.5000000000974485,0.40842914113818696,0.5000000000503335,0.6158382927450148,0.5000000000670808,0.3918915849226089,exp1,2048,nmr,triangulum-ceu,18,8,8,2,2026-10-05T21:09:12.620977+00:00,2026-10-05T21:11:18.865932+00:00
D1_exp1_A_018,D1,FULL,A,18,126.236,0.9201841980308094,0.22678588293424837,0.18920282432159566,0.9201841980113392,0.22678588295764657,0.18920282434809518,0.13145132130173695,0.05000000004529275,0.12940425701794117,0.10000000004029731,0.11909345776134789,0.15000000004191974,0.08472481984917614,0.19999999996993864,0.16312834905983928,0.2000000000105298,0.10626749037199015,0.1499999999542137,0.11289171031250644,0.09999999996933849,0.153038594325462,0.049999999968469704,0.5000000000974485,0.4646738559302023,0.5000000000503335,0.5302514177515076,0.5000000000670808,0.5265648384354307,exp1,2048,nmr,triangulum-ceu,18,8,8,2,2026-10-05T21:11:18.888862+00:00,2026-10-05T21:13:25.125098+00:00
D1_control_B_018,D1,FULL,B,18,126.254,0.8467281360105878,0.3725579923311405,0.2753257663346407,0.8467281359985251,0.3725579923545387,0.275325766342945,0.1442045309785989,0.05000000004529278,0.14043023997261847,0.10000000004029722,0.09344903748367284,0.15000000004191968,0.09983084183290684,0.19999999996993864,0.08027137027621548,0.2000000000105297,0.05389075805266617,0.1499999999542137,0.22864786996590342,0.09999999996933846,0.15927535143741794,0.04999999996846972,0.5000000000974484,0.47791465026779706,0.5000000000503335,0.418796899280099,0.5000000000670807,0.5465728087043906,control,2048,nmr,triangulum-ceu,21,11,8,2,2026-10-05T21:13:25.140058+00:00,2026-10-05T21:15:31.394271+00:00
D1_control_A_018,D1,FULL,A,18,125.199,0.8761431280995371,0.2812469502625422,0.24280358836757288,0.8761431280894799,0.2812469502859404,0.2428035883773196,0.17191690311926258,0.05000000004529274,0.10417919684929955,0.10000000004029726,0.08073308789467375,0.1500000000419197,0.078872251495271,0.19999999996993859,0.1406643708446781,0.2000000000105297,0.11848333947943669,0.14999999995421368,0.11412213898986624,0.09999999996933846,0.19102871132751195,0.049999999968469704,0.5000000000974483,0.4357014393585069,0.5000000000503335,0.535243810292677,0.5000000000670807,0.5074365008484807,control,2048,nmr,triangulum-ceu,21,11,8,2,2026-10-05T21:15:31.416261+00:00,2026-10-05T21:17:36.615101+00:00
D1_control_A_019,D1,FULL,A,19,126.206,0.8681228373407499,0.2932444921787384,0.25367269315842556,0.8681228373453355,0.29324449220213655,0.25367269315661783,0.12233037005416006,0.05000000004529274,0.10951555091072739,0.10000000004029726,0.10378201160376524,0.1500000000419197,0.05882408613765265,0.19999999996993859,0.11751772956956234,0.2000000000105297,0.12663168048688322,0.14999999995421368,0.14542165812317778,0.09999999996933846,0.21597691311407133,0.049999999968469704,0.5000000000974483,0.3944520187063054,0.5000000000503335,0.47599533102133307,0.5000000000670807,0.48905176935066547,control,2048,nmr,triangulum-ceu,21,11,8,2,2026-10-05T21:17:36.621096+00:00,2026-10-05T21:19:42.827491+00:00
D1_control_B_019,D1,FULL,B,19,126.166,0.85899251688434,0.24320093323524294,0.2689242358298288,0.858992516824913,0.2432009332855764,0.2689242358838629,0.07547574586730273,0.05000000004529278,0.29607890679582705,0.10000000004029722,0.12307712078864917,0.15000000004191968,0.02316046932529249,0.19999999996993864,0.21880152175430503,0.2000000000105297,0.1528447588681415,0.1499999999542137,0.07364960504735556,0.09999999996933846,0.03691187155312639,0.04999999996846972,0.5000000000974484,0.5177922427770715,0.5000000000503335,0.7432009332855763,0.5000000000670807,0.49100399345761253,control,2048,nmr,triangulum-ceu,21,11,8,2,2026-10-05T21:19:42.833810+00:00,2026-10-05T21:21:48.999385+00:00
D1_exp1_A_019,D1,FULL,A,19,126.206,0.8929684168887695,0.2765669092526474,0.23643323762221993,0.8929684168738176,0.2765669093179653,0.2364332376439923,0.07262905157065269,0.05000000004529275,0.1452098842148081,0.10000000004029731,0.226375414579821,0.15000000004191974,0.058326022726238706,0.19999999996993864,0.07129380546948738,0.2000000000105298,0.14381326248630866,0.1499999999542137,0.19840816047993748,0.09999999996933849,0.08394439847274605,0.049999999968469704,0.5000000000974485,0.5025403730915204,0.5000000000503335,0.4329460037412568,0.5000000000670808,0.5687064320998986,exp1,2048,nmr,triangulum-ceu,18,8,8,2,2026-10-05T21:21:49.022403+00:00,2026-10-05T21:23:55.228086+00:00
D1_exp1_B_019,D1,FULL,B,19,126.239,0.9137829012335672,0.2564121589739518,0.22300109615957625,0.9137829012007,0.2564121590392697,0.22300109620351705,0.08038558118499023,0.05000000004529278,0.15256283418075886,0.10000000004029726,0.26974089232487164,0.1500000000419197,0.07618329629693571,0.19999999996993864,0.07850869265329842,0.2000000000105297,0.13889585201049615,0.14999999995421368,0.13177997090435628,0.09999999996933846,0.07194288044429277,0.04999999996846972,0.5000000000974485,0.5788726039875565,0.5000000000503335,0.45035296002954367,0.5000000000670808,0.5604151370675166,exp1,2048,nmr,triangulum-ceu,18,8,8,2,2026-10-05T21:23:55.249041+00:00,2026-10-05T21:26:01.488767+00:00
D1_exp1_B_020,D1,FULL,B,20,127.209,0.9374793838010367,0.1986869147614876,0.17667147073308723,0.9374793838001025,0.1986869147390995,0.1766714707306268,0.08104880292157314,0.05000000004529278,0.11965747020318973,0.10000000004029726,0.13345169723258254,0.1500000000419197,0.06024046424637588,0.19999999996993864,0.1576209237819422,0.2000000000105297,0.22451947096851288,0.14999999995421368,0.13877761525303883,0.09999999996933846,0.08468355539278505,0.04999999996846972,0.5000000000974485,0.39439843460372126,0.5000000000503335,0.582846667875218,0.5000000000670808,0.5108990391891367,exp1,2048,nmr,triangulum-ceu,18,8,8,2,2026-10-05T21:26:01.507667+00:00,2026-10-05T21:28:08.716889+00:00
D1_exp1_A_020,D1,FULL,A,20,124.119,0.9156655763231141,0.2725835137159212,0.21278751815974004,0.9156655762913603,0.27258351373931944,0.2127875181920077,0.11857876879692657,0.05000000004529275,0.21388867401562678,0.10000000004029731,0.11510911113484533,0.15000000004191974,0.10724859415899539,0.19999999996993864,0.09332878301100604,0.2000000000105298,0.1117299979558338,0.1499999999542137,0.16604443794544485,0.09999999996933849,0.07407163298132116,0.049999999968469704,0.5000000000974485,0.5548251481063942,0.5000000000503335,0.5375262237793932,0.5000000000670808,0.49306110088822286,exp1,2048,nmr,triangulum-ceu,18,8,8,2,2026-10-05T21:28:09.052570+00:00,2026-10-05T21:30:13.171794+00:00
D1_control_B_020,D1,FULL,B,20,126.259,0.8756411693621176,0.24115168193635333,0.2450597991816671,0.8756411693062691,0.2411516819866868,0.24505979923419743,0.06729760333684795,0.05000000004529278,0.2609255632993607,0.10000000004029722,0.14170995754609314,0.15000000004191968,0.027800051663299893,0.19999999996993864,0.23163540249357709,0.2000000000105297,0.1812931128569011,0.1499999999542137,0.0570886895327616,0.09999999996933846,0.03224961927115861,0.04999999996846972,0.5000000000974484,0.4977331758456017,0.5000000000503335,0.7411516819866868,0.5000000000670807,0.4977316529092798,control,2048,nmr,triangulum-ceu,21,11,8,2,2026-10-05T21:30:13.193779+00:00,2026-10-05T21:32:19.454172+00:00
D1_control_A_020,D1,FULL,A,20,126.22,0.9268421330187963,0.20839568596679253,0.17644514091314983,0.9268421330140679,0.20839568599019073,0.17644514091139724,0.1496296676890179,0.05000000004529274,0.10277998315097976,0.10000000004029726,0.07081824174035038,0.1500000000419197,0.1998408174301325,0.19999999996993859,0.12514722443573884,0.2000000000105297,0.09579803040358768,0.14999999995421368,0.13334611909612834,0.09999999996933846,0.12263991605406482,0.049999999968469704,0.5000000000974483,0.5230687100104805,0.5000000000503335,0.4733549056793241,0.5000000000670807,0.47894125296123535,control,2048,nmr,triangulum-ceu,21,11,8,2,2026-10-05T21:32:19.479129+00:00,2026-10-05T21:34:25.699258+00:00
D1_control_A_021,D1,FULL,A,21,126.228,0.9569033784947824,0.17383217113316315,0.1349098614838352,0.956903378476646,0.17383217115656135,0.13490986150450734,0.10980953891799786,0.05000000004529274,0.13909314935651995,0.10000000004029726,0.08939933121170653,0.1500000000419197,0.18906084244811663,0.19999999996993859,0.17073238826938972,0.2000000000105297,0.07697526691422577,0.14999999995421368,0.14984801225873684,0.09999999996933846,0.07508147062330674,0.049999999968469704,0.5000000000974483,0.527362861934341,0.5000000000503335,0.49661034345813326,0.5000000000670807,0.5197892706578309,control,2048,nmr,triangulum-ceu,21,11,8,2,2026-10-05T21:34:25.718235+00:00,2026-10-05T21:36:31.946583+00:00
D1_control_B_021,D1,FULL,B,21,126.219,0.817616969829856,0.4182956939345597,0.3033475696661079,0.817616969811325,0.4182956939579579,0.3033475696783001,0.1690195414823533,0.05000000004529278,0.19122501445137896,0.10000000004029722,0.04696946198614664,0.15000000004191968,0.09344328466145863,0.19999999996993864,0.06911108873218964,0.2000000000105297,0.07218047066224717,0.1499999999542137,0.2409853032538143,0.09999999996933846,0.1170658347704113,0.04999999996846972,0.5000000000974484,0.5006573025813376,0.5000000000503335,0.5015361153281691,0.5000000000670807,0.5260853954545038,control,2048,nmr,triangulum-ceu,21,11,8,2,2026-10-05T21:36:31.952579+00:00,2026-10-05T21:38:38.171268+00:00
D1_exp1_A_021,D1,FULL,A,21,125.23,0.9683085408258374,0.14621517753443478,0.1202016878943822,0.9683085408088348,0.14621517755783295,0.12020168793442645,0.08582320787471916,0.05000000004529275,0.13289737282352215,0.10000000004029731,0.14699559155987338,0.15000000004191974,0.11957941545192033,0.19999999996993864,0.18429705446587527,0.2000000000105298,0.10291276096449803,0.1499999999542137,0.1303833076843248,0.09999999996933849,0.09711128917526682,0.049999999968469704,0.5000000000974485,0.485295587710035,0.5000000000503335,0.5059303961286146,0.5000000000670808,0.5474991615847926,exp1,2048,nmr,triangulum-ceu,18,8,8,2,2026-10-05T21:38:38.191411+00:00,2026-10-05T21:40:43.421892+00:00
D1_exp1_B_021,D1,FULL,B,21,126.173,0.9302628764439097,0.2401072690321375,0.18238058311288424,0.9302628764213334,0.24010726909745544,0.18238058315278077,0.06864338236833034,0.05000000004529278,0.1745031965270133,0.10000000004029726,0.17910372312890238,0.1500000000419197,0.12296961374924201,0.19999999996993864,0.13068075080982744,0.2000000000105297,0.05624236634347512,0.14999999995421368,0.15429796059848438,0.09999999996933846,0.11355900647472505,0.04999999996846972,0.5000000000974485,0.545219915773488,0.5000000000503335,0.4300696960486462,0.5000000000670808,0.5327258169055445,exp1,2048,nmr,triangulum-ceu,18,8,8,2,2026-10-05T21:40:43.436888+00:00,2026-10-05T21:42:49.610244+00:00
D1_exp1_B_022,D1,FULL,B,22,126.234,0.8492019319759758,0.3331288812599757,0.2778621318192637,0.8492019319302865,0.33312888123758766,0.277862131850273,0.18887988570559255,0.05000000004529278,0.2174787334323099,0.10000000004029726,0.0872206143667336,0.1500000000419197,0.06109545154574971,0.19999999996993864,0.06855505284992904,0.2000000000105297,0.16388349640572056,0.14999999995421368,0.15822832039305798,0.09999999996933846,0.05465844530090664,0.04999999996846972,0.5000000000974485,0.5546746850503858,0.5000000000503335,0.638797168393552,0.5000000000670808,0.5028838733153131,exp1,2048,nmr,triangulum-ceu,18,8,8,2,2026-10-05T21:42:49.634841+00:00,2026-10-05T21:44:55.868695+00:00
D1_exp1_A_022,D1,FULL,A,22,126.175,0.9021812950404566,0.21409137246778098,0.19979941934722084,0.9021812950246129,0.2140913724873126,0.19979941937180642,0.07536406515809213,0.05000000004529275,0.1339494474139237,0.10000000004029731,0.18717778140347918,0.15000000004191974,0.029531167771716327,0.19999999996993864,0.15637745974097114,0.2000000000105298,0.1619944410347125,0.1499999999542137,0.15823554554182495,0.09999999996933849,0.0973700919352802,0.049999999968469704,0.5000000000974485,0.4260224617472113,0.5000000000503335,0.5276854133476995,0.5000000000670808,0.5771548518443674,exp1,2048,nmr,triangulum-ceu,18,8,8,2,2026-10-05T21:44:55.888624+00:00,2026-10-05T21:47:02.064056+00:00
D1_control_B_022,D1,FULL,B,22,126.276,0.8699914482498458,0.3130109970406032,0.25469796594699157,0.8699914482294842,0.31301099710592106,0.2546979659828377,0.05738246935936425,0.05000000004529278,0.16977944530410866,0.10000000004029722,0.25536332516640936,0.15000000004191968,0.0404886150973815,0.19999999996993864,0.090259684404057,0.2000000000105297,0.10624070339264044,0.1499999999542137,0.1436675397216641,0.09999999996933846,0.1368182175543747,0.04999999996846972,0.5000000000974484,0.5230138549272638,0.5000000000503335,0.42366230246017034,0.5000000000670807,0.5466730186514948,control,2048,nmr,triangulum-ceu,21,11,8,2,2026-10-05T21:47:02.076016+00:00,2026-10-05T21:49:08.351553+00:00
D1_control_A_022,D1,FULL,A,22,126.201,0.9509814872135632,0.16331413583701943,0.14735577109306966,0.9509814872008243,0.16331413581463133,0.14735577110236714,0.14225243377427488,0.05000000004529274,0.10730355013320524,0.10000000004029726,0.11547422668696142,0.1500000000419197,0.1580590168443183,0.19999999996993859,0.11315262065408897,0.2000000000105297,0.1502391011328371,0.14999999995421368,0.11388586557473687,0.09999999996933846,0.09963318519957728,0.049999999968469704,0.5000000000974483,0.5230892274387599,0.5000000000503335,0.5129477056944062,0.5000000000670807,0.4847651466900621,control,2048,nmr,triangulum-ceu,21,11,8,2,2026-10-05T21:49:08.367544+00:00,2026-10-05T21:51:14.568244+00:00
D1_control_A_023,D1,FULL,A,23,125.19,0.9573020806168463,0.16773255691118688,0.13906567142658732,0.9573020805913509,0.1677325569045237,0.1390656714626588,0.09460415035004617,0.05000000004529274,0.17370619438948562,0.10000000004029726,0.11845013835841728,0.1500000000419197,0.21008941382051965,0.19999999996993859,0.14060093242408633,0.2000000000105297,0.07321637231297266,0.14999999995421368,0.10202513509885074,0.09999999996933846,0.0873076632456215,0.049999999968469704,0.5000000000974483,0.5968498969184688,0.5000000000503335,0.4821276494765908,0.5000000000670807,0.4556803562314005,control,2048,nmr,triangulum-ceu,21,11,8,2,2026-10-05T21:51:14.589238+00:00,2026-10-05T21:53:19.779447+00:00
D1_control_B_023,D1,FULL,B,23,126.326,0.8956124483643757,0.30658517785319656,0.23153128459261776,0.8956124483125928,0.3065851779185145,0.23153128465357375,0.10619008145696388,0.05000000004529278,0.18960871609157093,0.10000000004029722,0.23822009920934942,0.15000000004191968,0.08724622588795894,0.19999999996993864,0.09815263338938193,0.2000000000105297,0.05801596280414466,0.1499999999542137,0.1211734206376821,0.09999999996933846,0.10139286052294805,0.04999999996846972,0.5000000000974484,0.6212651226458432,0.5000000000503335,0.45196739374206146,0.5000000000670807,0.5637362346933774,control,2048,nmr,triangulum-ceu,21,11,8,2,2026-10-05T21:53:19.785446+00:00,2026-10-05T21:55:26.111604+00:00
D1_exp1_A_023,D1,FULL,A,23,126.275,0.8898291640012873,0.2666513985533254,0.22652061632065906,0.8898291639917745,0.2666513985364263,0.22652061633279452,0.15109211354334517,0.05000000004529275,0.08872869453670829,0.10000000004029731,0.11466000653232845,0.15000000004191974,0.07292037145533055,0.19999999996993864,0.15069276896064954,0.2000000000105298,0.10634675997855697,0.1499999999542137,0.13021997199677576,0.09999999996933849,0.18533931299630543,0.049999999968469704,0.5000000000974485,0.4274011860677124,0.5000000000503335,0.4968603370192598,0.5000000000670808,0.5466648610330987,exp1,2048,nmr,triangulum-ceu,18,8,8,2,2026-10-05T21:55:26.128249+00:00,2026-10-05T21:57:32.403291+00:00
D1_exp1_B_023,D1,FULL,B,23,126.215,0.9018670531316996,0.26329598050784075,0.23182558738144138,0.9018670530923063,0.26329598055890274,0.23182558742045373,0.08265956267632875,0.05000000004529278,0.21745183590593264,0.10000000004029726,0.2063107975199179,0.1500000000419197,0.06512577870073197,0.19999999996993864,0.07616635621738044,0.2000000000105297,0.19496603145604202,0.14999999995421368,0.11190775300068144,0.09999999996933846,0.045411884522984926,0.04999999996846972,0.5000000000974485,0.5715479748029113,0.5000000000503335,0.5712437862556838,0.5000000000670808,0.47704446941430856,exp1,2048,nmr,triangulum-ceu,18,8,8,2,2026-10-05T21:57:32.410444+00:00,2026-10-05T21:59:38.625740+00:00
D1_exp1_B_024,D1,FULL,B,24,126.198,0.8814183450756283,0.24138147717681457,0.22299145682610616,0.8814183450374505,0.24138147719634623,0.2229914568692011,0.09593237943200157,0.05000000004529278,0.19878525430810362,0.10000000004029726,0.1792891620218314,0.1500000000419197,0.02499043978533169,0.19999999996993864,0.1336280830183221,0.2000000000105297,0.15937007819354254,0.14999999995421368,0.11911842633204198,0.09999999996933846,0.08888617690882505,0.04999999996846972,0.5000000000974485,0.4989972355472684,0.5000000000503335,0.5877157949519699,0.5000000000670808,0.5279680508041972,exp1,2048,nmr,triangulum-ceu,18,8,8,2,2026-10-05T21:59:38.633757+00:00,2026-10-05T22:01:44.832045+00:00
D1_exp1_A_024,D1,FULL,A,24,126.29,0.8992149912001058,0.24408729145350894,0.2167850890478038,0.899214991189325,0.24408729151882685,0.21678508906100855,0.0998676383851229,0.05000000004529275,0.13396045196022482,0.10000000004029731,0.15285007280835083,0.15000000004191974,0.04759466733353276,0.19999999996993864,0.11508743921769271,0.2000000000105298,0.1432306019299477,0.1499999999542137,0.19412189644812253,0.09999999996933849,0.11328723191700568,0.049999999968469704,0.5000000000974485,0.4342728304872314,0.5000000000503335,0.49214613149298825,0.5000000000670808,0.5619270468592892,exp1,2048,nmr,triangulum-ceu,18,8,8,2,2026-10-05T22:01:44.848036+00:00,2026-10-05T22:03:51.138464+00:00
D1_control_B_024,D1,FULL,B,24,125.19,0.8933723807476187,0.2985018736663443,0.23701700925561975,0.8933723807216392,0.29850187373166215,0.23701700929818414,0.06244514959368374,0.05000000004529278,0.19381784919620798,0.10000000004029722,0.23350876619626698,0.15000000004191968,0.09255893515844849,0.19999999996993864,0.08787587805525951,0.2000000000105297,0.07106331305462982,0.1499999999542137,0.10970434382735328,0.09999999996933846,0.1490257649181503,0.04999999996846972,0.5000000000974484,0.5823307001446071,0.5000000000503335,0.41520218989978097,0.5000000000670807,0.4935341376725634,control,2048,nmr,triangulum-ceu,21,11,8,2,2026-10-05T22:03:51.150148+00:00,2026-10-05T22:05:56.340206+00:00
D1_control_A_024,D1,FULL,A,24,126.254,0.962131115194995,0.14815915390800596,0.12102074350670088,0.9621311152096431,0.1481591538911069,0.12102074347785448,0.1003978543582951,0.05000000004529274,0.07692836423282035,0.10000000004029726,0.09256149401953957,0.1500000000419197,0.17566394029998197,0.19999999996993859,0.16293851512628585,0.2000000000105297,0.14374853243026536,0.14999999995421368,0.1215760702140942,0.09999999996933846,0.12618522931871762,0.049999999968469704,0.5000000000974483,0.44555165291063703,0.5000000000503335,0.48401326614766665,0.5000000000670807,0.4774739337182148,control,2048,nmr,triangulum-ceu,21,11,8,2,2026-10-05T22:05:56.355236+00:00,2026-10-05T22:08:02.609660+00:00
D1_control_A_025,D1,FULL,A,25,126.206,0.8978511687238248,0.2786544595392111,0.2201824357149386,0.8978511687166707,0.2786544595626093,0.2201824357224443,0.13009204041271505,0.05000000004529274,0.1427595116092185,0.10000000004029726,0.10914309155080804,0.1500000000419197,0.0872263457690289,0.19999999996993859,0.08931661354667776,0.2000000000105297,0.13565948957087592,0.14999999995421368,0.15283878333902018,0.09999999996933846,0.15296412420165556,0.049999999968469704,0.5000000000974483,0.46922098934177053,0.5000000000503335,0.49782765513948724,0.5000000000670807,0.4813905288492212,control,2048,nmr,triangulum-ceu,21,11,8,2,2026-10-05T22:08:02.622652+00:00,2026-10-05T22:10:08.828735+00:00
D1_control_B_025,D1,FULL,B,25,126.225,0.8767664782347193,0.29527845511343853,0.24081007369592816,0.8767664781757571,0.295278455178028,0.24081007375211463,0.13803158528684165,0.05000000004529278,0.23006117652237304,0.10000000004029722,0.08951977364514321,0.15000000004191968,0.05007876631105146,0.19999999996993864,0.24226807483332985,0.2000000000105297,0.12461883952630043,0.1499999999542137,0.040504165339476934,0.09999999996933846,0.08491761853548337,0.04999999996846972,0.5000000000974484,0.5076913017654094,0.5000000000503335,0.7349796761688451,0.5000000000670807,0.5103235991047917,control,2048,nmr,triangulum-ceu,21,11,8,2,2026-10-05T22:10:08.847746+00:00,2026-10-05T22:12:15.072393+00:00
D1_exp1_A_025,D1,FULL,A,25,126.225,0.9362944055451498,0.18809145222031237,0.1741357558652245,0.9362944055340335,0.18809145223984403,0.17413575589196462,0.05819422008009307,0.05000000004529275,0.15470382489775936,0.10000000004029731,0.18094228417045227,0.15000000004191974,0.05708502314437109,0.19999999996993864,0.15482352461578497,0.2000000000105298,0.1572033794331727,0.1499999999542137,0.14339200415877015,0.09999999996933849,0.0936557394995965,0.049999999968469704,0.5000000000974485,0.4509253522926758,0.5000000000503335,0.5249249490268101,0.5000000000670808,0.5373520330251005,exp1,2048,nmr,triangulum-ceu,18,8,8,2,2026-10-05T22:12:15.099145+00:00,2026-10-05T22:14:21.323652+00:00
D1_exp1_B_025,D1,FULL,B,25,126.245,0.9646887267562723,0.15955581883103911,0.14200058026414641,0.9646887267465813,0.15955581889635706,0.14200058029387486,0.06626658327665423,0.05000000004529278,0.11512627900560309,0.10000000004029726,0.2231951959299163,0.1500000000419197,0.12647221295107242,0.19999999996993864,0.11800905846516752,0.2000000000105297,0.14596290968740294,0.14999999995421368,0.109354530782096,0.09999999996933846,0.09561322990208732,0.04999999996846972,0.5000000000974485,0.5310602711632462,0.5000000000503335,0.4453648304348279,0.5000000000670808,0.5168253684538341,exp1,2048,nmr,triangulum-ceu,18,8,8,2,2026-10-05T22:14:21.329888+00:00,2026-10-05T22:16:27.576204+00:00
