run_name,dist_id,stage,ladder,repeat,duration_s,fid_sim,tv_sim,l2_sim,fid_tgt,tv_tgt,l2_tgt,exp_000,sim_000,exp_001,sim_001,exp_010,sim_010,exp_011,sim_011,exp_100,sim_100,exp_101,sim_101,exp_110,sim_110,exp_111,sim_111,sim_q0_p0,exp_q0_p0,sim_q1_p0,exp_q1_p0,sim_q2_p0,exp_q2_p0,config,shots,backend,unit_label,n_gates,n_ry,n_cx,n_x,undo_angle_deg,started_utc,finished_utc
D1_ang_direct_A_001,D1,FULL,A,1,119.826,0.9214889466103224,0.2131704674642799,0.18215906617443953,0.92148894658998,0.21317046747804236,0.1821590661930248,0.17429860878732212,0.05000000004529274,0.08734551942882074,0.10000000004029728,0.09060672646194219,0.1500000000419197,0.1879915620927686,0.19999999996993853,0.1597713489869553,0.20000000001052975,0.09084319609245778,0.14999999995421368,0.07027117945901315,0.09999999996933846,0.13887185869072025,0.049999999968469704,0.5000000000974484,0.5402424167708535,0.5000000000503335,0.5122586732955559,0.5000000000670808,0.4949478636952327,direct,2048,nmr,triangulum-ceu,21,11,8,2,-56.7891,2026-10-07T11:03:23.049421+00:00,2026-10-07T11:05:22.875340+00:00
D1_ang_direct_B_001,D1,FULL,B,1,126.195,0.8816650652253709,0.31870241540386535,0.2328771728711672,0.8816650652215248,0.31870241542726363,0.23287717287220258,0.14198072681084617,0.05000000004529278,0.15115555829882404,0.10000000004029728,0.05689694258870506,0.15000000004191968,0.15328257427018913,0.19999999996993864,0.08961468483767335,0.2000000000105297,0.08150338287616886,0.14999999995421362,0.1850173996836754,0.09999999996933846,0.14054873063391796,0.04999999996846972,0.5000000000974485,0.5033158019685645,0.5000000000503335,0.4642543528235125,0.5000000000670807,0.47350975392090006,direct,2048,nmr,triangulum-ceu,21,11,8,2,-56.7891,2026-10-07T11:05:22.879340+00:00,2026-10-07T11:07:29.074353+00:00
D1_ang_folded_A_001,D1,FULL,A,1,126.187,0.9238986765071137,0.2099815268319455,0.18451021346916302,0.9238986764993604,0.20998152681504628,0.1845102134740206,0.15899097681537888,0.05000000004529274,0.08761005749775111,0.10000000004029722,0.11444395625271336,0.1500000000419198,0.1586352390772768,0.1999999999699387,0.0998092150555406,0.20000000001052987,0.1295200053016718,0.1499999999542137,0.10878777977746369,0.09999999996933849,0.14220277022220368,0.04999999996846967,0.5000000000974484,0.5196802296431202,0.5000000000503335,0.4759302546703424,0.5000000000670809,0.4820319279010965,folded,2048,nmr,triangulum-ceu,21,11,8,2,663.2109,2026-10-07T11:07:29.077351+00:00,2026-10-07T11:09:35.264384+00:00
D1_ang_folded_B_001,D1,FULL,B,1,126.196,0.9264507743008503,0.24472057730986013,0.19369225791974176,0.9264507742963226,0.244720577375178,0.19369225794322267,0.05680917647708725,0.05000000004529274,0.13510106451429393,0.10000000004029722,0.20757015099032441,0.15000000004191974,0.08916769590475557,0.19999999996993872,0.11979857203223888,0.2000000000105298,0.09631315468782757,0.14999999995421365,0.1528942578285301,0.09999999996933849,0.1423459275649422,0.049999999968469676,0.5000000000974485,0.4886480878864613,0.5000000000503334,0.4080219677114477,0.5000000000670808,0.5370721573281808,folded,2048,nmr,triangulum-ceu,21,11,8,2,663.2109,2026-10-07T11:09:35.267388+00:00,2026-10-07T11:11:41.464667+00:00
D1_ang_folded_B_002,D1,FULL,B,2,125.23,0.9235618703254694,0.21413875801862114,0.2242399231832495,0.9235618702821774,0.21413875808407934,0.22423992323489483,0.05726690776985985,0.05000000004529274,0.28312690357412706,0.10000000004029722,0.10362909262110305,0.15000000004191974,0.09087111037132153,0.19999999996993872,0.2184721527981408,0.2000000000105298,0.10413346314559746,0.14999999995421365,0.10527279394195163,0.09999999996933849,0.0372275757778986,0.049999999968469676,0.5000000000974485,0.5348940143364115,0.5000000000503334,0.6629994272877252,0.5000000000670808,0.4846409471310553,folded,2048,nmr,triangulum-ceu,21,11,8,2,663.2109,2026-10-07T11:11:41.502861+00:00,2026-10-07T11:13:46.733323+00:00
D1_ang_folded_A_002,D1,FULL,A,2,126.124,0.9309784821775324,0.19787468129546876,0.17022875163614812,0.9309784821563425,0.1978746813188668,0.17022875165584572,0.16762091915106644,0.05000000004529274,0.11862951683583567,0.10000000004029722,0.0685353283830695,0.1500000000419198,0.1793657479939899,0.1999999999699387,0.15777214405844117,0.20000000001052987,0.0964520982456327,0.1499999999542137,0.10647614223325841,0.09999999996933849,0.10514810309870631,0.04999999996846967,0.5000000000974484,0.5341515123639614,0.5000000000503335,0.5404746782909758,0.5000000000670809,0.5004045338258354,folded,2048,nmr,triangulum-ceu,21,11,8,2,663.2109,2026-10-07T11:13:46.738687+00:00,2026-10-07T11:15:52.862854+00:00
D1_ang_direct_B_002,D1,FULL,B,2,126.2,0.9228765640261333,0.2036808477777154,0.1974126284948221,0.9228765639699478,0.20368084784317367,0.19741262856199598,0.09648622831252301,0.05000000004529278,0.21053595835448757,0.10000000004029728,0.14594413368653306,0.15000000004191968,0.05764050391440073,0.19999999996993864,0.23505980008825975,0.2000000000105297,0.09580839233787847,0.14999999995421362,0.1115988610879034,0.09999999996933846,0.046926122218014066,0.04999999996846972,0.5000000000974485,0.5106068242679442,0.5000000000503335,0.6378903790931486,0.5000000000670807,0.589089023175219,direct,2048,nmr,triangulum-ceu,21,11,8,2,-56.7891,2026-10-07T11:15:52.868793+00:00,2026-10-07T11:17:59.069118+00:00
D1_ang_direct_A_002,D1,FULL,A,2,126.25,0.8367040647080682,0.3152263460508975,0.2872557143036206,0.8367040646695538,0.31522634610495726,0.28725571433638725,0.22360709330611142,0.05000000004529274,0.1014382399003555,0.10000000004029728,0.14570035675681817,0.1500000000419197,0.06883296071023783,0.19999999996993853,0.09437048666805962,0.20000000001052975,0.08469377706916785,0.14999999995421368,0.09117607269075922,0.09999999996933846,0.19018101289849032,0.049999999968469704,0.5000000000974484,0.5395786506735231,0.5000000000503335,0.5041095969436945,0.5000000000670808,0.5548540094217486,direct,2048,nmr,triangulum-ceu,21,11,8,2,-56.7891,2026-10-07T11:17:59.072117+00:00,2026-10-07T11:20:05.322301+00:00
D1_ang_direct_A_003,D1,FULL,A,3,126.248,0.9065441250064245,0.27546085791265135,0.20685154501933442,0.9065441249788648,0.27546085793604963,0.20685154505043762,0.12489411583156572,0.05000000004529274,0.17329164601077865,0.10000000004029728,0.13055693102133936,0.1500000000419197,0.13787411661468704,0.19999999996993853,0.09577314730860578,0.20000000001052975,0.06033494711931816,0.14999999995421368,0.14680638887706438,0.09999999996933846,0.1304687072166408,0.049999999968469704,0.5000000000974484,0.5666168094783708,0.5000000000503335,0.45429385627026825,0.5000000000670808,0.4980305830385752,direct,2048,nmr,triangulum-ceu,21,11,8,2,-56.7891,2026-10-07T11:20:05.325300+00:00,2026-10-07T11:22:11.572945+00:00
D1_ang_direct_B_003,D1,FULL,B,3,125.204,0.8406823222361843,0.3502242939998131,0.27382096247268956,0.8406823221986265,0.35022429406513106,0.2738209625125914,0.09554552401676475,0.05000000004529278,0.22298313548354468,0.10000000004029728,0.1646629694564302,0.15000000004191968,0.044798934219159654,0.19999999996993864,0.1095116356648246,0.2000000000105297,0.045465136050884696,0.14999999995421362,0.16918695399673658,0.09999999996933846,0.14784571111165476,0.04999999996846972,0.5000000000974485,0.5279905631758993,0.5000000000503335,0.4735054312160188,0.5000000000670807,0.5389070831347562,direct,2048,nmr,triangulum-ceu,21,11,8,2,-56.7891,2026-10-07T11:22:11.579941+00:00,2026-10-07T11:24:16.784802+00:00
D1_ang_folded_A_003,D1,FULL,A,3,126.139,0.9572814874969585,0.15178828743657546,0.13308636482063227,0.9572814874944173,0.15178828741967626,0.1330863648151372,0.1304829478151397,0.05000000004529274,0.09036897884474102,0.10000000004029722,0.10530749609066903,0.1500000000419198,0.17865235729985413,0.1999999999699387,0.12889224818278178,0.20000000001052987,0.14499063216227775,0.1499999999542137,0.1125772995455451,0.09999999996933849,0.10872804005899146,0.04999999996846967,0.5000000000974484,0.504811780050404,0.5000000000503335,0.49473480700494027,0.5000000000670809,0.47725999163413557,folded,2048,nmr,triangulum-ceu,21,11,8,2,663.2109,2026-10-07T11:24:16.792348+00:00,2026-10-07T11:26:22.931103+00:00
D1_ang_folded_B_003,D1,FULL,B,3,126.198,0.7993838159360125,0.40579170563139644,0.37619170209908565,0.7993838158764154,0.40579170568632483,0.37619170214367387,0.08746563101537284,0.05000000004529274,0.4042674673293729,0.10000000004029722,0.0745049562288222,0.15000000004191974,0.04400761481016919,0.19999999996993872,0.11897096372188945,0.2000000000105298,0.0681107090842518,0.14999999995421365,0.16405860734157898,0.09999999996933849,0.038614050468542487,0.049999999968469676,0.5000000000974485,0.6102456693837374,0.5000000000503334,0.6788147711508872,0.5000000000670808,0.44500015830766354,folded,2048,nmr,triangulum-ceu,21,11,8,2,663.2109,2026-10-07T11:26:22.937346+00:00,2026-10-07T11:28:29.135095+00:00
D1_ang_folded_B_004,D1,FULL,B,4,126.237,0.8968367600150194,0.24730016970949747,0.23989099197388344,0.8968367599383215,0.24730016980634564,0.23989099204975312,0.09402974228440629,0.05000000004529274,0.27146461351593215,0.10000000004029722,0.18001519409949035,0.15000000004191974,0.060898050224762516,0.19999999996993872,0.1872882526610205,0.2000000000105298,0.07740657460977816,0.14999999995421365,0.10179061990651694,0.09999999996933849,0.027106952698093226,0.049999999968469676,0.5000000000974485,0.6064076001245913,0.5000000000503334,0.6301891830711371,0.5000000000670808,0.5631238089514341,folded,2048,nmr,triangulum-ceu,21,11,8,2,663.2109,2026-10-07T11:28:29.139094+00:00,2026-10-07T11:30:35.376288+00:00
D1_ang_folded_A_004,D1,FULL,A,4,126.145,0.9075770921720787,0.2598957054603667,0.21334174189058566,0.907577092152277,0.25989570551055974,0.21334174191307606,0.12115538443593907,0.05000000004529274,0.1021146558909844,0.10000000004029722,0.22431999668836378,0.1500000000419198,0.09800085228270156,0.1999999999699387,0.06922457428894238,0.20000000001052987,0.19244515514950647,0.1499999999542137,0.07287886791779633,0.09999999996933849,0.11986051334576608,0.04999999996846967,0.5000000000974484,0.5455908892979888,0.5000000000503335,0.48493976976537234,0.5000000000670809,0.4875788233310415,folded,2048,nmr,triangulum-ceu,21,11,8,2,663.2109,2026-10-07T11:30:35.384295+00:00,2026-10-07T11:32:41.529333+00:00
D1_ang_direct_B_004,D1,FULL,B,4,126.197,0.8425912758250894,0.31806665290786784,0.2804184991390858,0.8425912757425426,0.3180666529733261,0.2804184992064377,0.14003032005171867,0.05000000004529278,0.27625482022309245,0.10000000004029728,0.1114399374856905,0.15000000004191968,0.04011079072047316,0.19999999996993864,0.22071462997977254,0.2000000000105297,0.04623979740905727,0.14999999995421362,0.13106688271874234,0.09999999996933846,0.03414282141145297,0.04999999996846972,0.5000000000974485,0.5678358684809749,0.5000000000503335,0.683239567663641,0.5000000000670807,0.6032517702359241,direct,2048,nmr,triangulum-ceu,21,11,8,2,-56.7891,2026-10-07T11:32:41.531332+00:00,2026-10-07T11:34:47.728428+00:00
D1_ang_direct_A_004,D1,FULL,A,4,126.182,0.9404817822652246,0.18213061067184663,0.1581934686055089,0.9404817822572151,0.18213061065494757,0.15819346861198727,0.1363033704774525,0.05000000004529274,0.09760946385669829,0.10000000004029728,0.10586169132414079,0.1500000000419197,0.18811447197144437,0.19999999996993853,0.12994478384837446,0.20000000001052975,0.09633897834439462,0.14999999995421368,0.1085241386997019,0.09999999996933846,0.13730310147779318,0.049999999968469704,0.5000000000974484,0.5278889976297358,0.5000000000503335,0.46019659652691974,0.5000000000670808,0.48063398434966953,direct,2048,nmr,triangulum-ceu,21,11,8,2,-56.7891,2026-10-07T11:34:47.736014+00:00,2026-10-07T11:36:53.917685+00:00
D1_ang_direct_A_005,D1,FULL,A,5,126.201,0.9419346624415303,0.18562200769237083,0.16449422745853193,0.9419346624093092,0.1856220076857076,0.16449422748738382,0.155413018458991,0.05000000004529274,0.14453480977610403,0.10000000004029728,0.10745816633891637,0.1500000000419197,0.20158007444047008,0.19999999996993853,0.10264549155638232,0.20000000001052975,0.10427433441899366,0.14999999995421368,0.11639433418476658,0.09999999996933846,0.06769977082537591,0.049999999968469704,0.5000000000974484,0.6089860690144815,0.5000000000503335,0.506867654210471,0.5000000000670808,0.4819110105390563,direct,2048,nmr,triangulum-ceu,21,11,8,2,-56.7891,2026-10-07T11:36:53.920645+00:00,2026-10-07T11:39:00.121486+00:00
D1_ang_direct_B_005,D1,FULL,B,5,125.216,0.9095080789954288,0.19791575215772333,0.19641020846505358,0.9095080789404323,0.1979157522537028,0.19641020852917263,0.1307418370063771,0.05000000004529278,0.16822259917274923,0.10000000004029728,0.1791624014660344,0.15000000004191968,0.04023383589590886,0.19999999996993864,0.18369653594274052,0.2000000000105297,0.13096216035237945,0.14999999995421362,0.0971917155552683,0.09999999996933846,0.06978891460854203,0.04999999996846972,0.5000000000974485,0.5183606735410696,0.5000000000503335,0.6136231324742463,0.5000000000670807,0.5907924899704203,direct,2048,nmr,triangulum-ceu,21,11,8,2,-56.7891,2026-10-07T11:39:00.124485+00:00,2026-10-07T11:41:05.340750+00:00
D1_ang_folded_A_005,D1,FULL,A,5,126.168,0.9162964785610199,0.24422148270659694,0.19435292813023103,0.9162964785502447,0.24422148271649274,0.19435292814055877,0.1368468818340604,0.05000000004529274,0.07572878602729238,0.10000000004029722,0.1823341281098946,0.1500000000419198,0.1335106584345104,0.1999999999699387,0.08761589557924922,0.20000000001052987,0.18058117431125853,0.1499999999542137,0.05892317724245531,0.09999999996933849,0.14445929846127925,0.04999999996846967,0.5000000000974484,0.5284204544057578,0.5000000000503335,0.4807727377518605,0.5000000000670809,0.46572008276565957,folded,2048,nmr,triangulum-ceu,21,11,8,2,663.2109,2026-10-07T11:41:05.349745+00:00,2026-10-07T11:43:11.517759+00:00
D1_ang_folded_B_005,D1,FULL,B,5,126.172,0.9445427654271651,0.19098161641581424,0.1775843815297908,0.9445427653791852,0.19098161648040363,0.17758438159669296,0.07813078558702902,0.05000000004529274,0.21242256596916856,0.10000000004029722,0.138206133141068,0.15000000004191974,0.0859342487562829,0.19999999996993872,0.2470246187487032,0.2000000000105298,0.09993742465553611,0.14999999995421365,0.08494057696670931,0.09999999996933849,0.05340364617550285,0.049999999968469676,0.5000000000974485,0.5146937334535486,0.5000000000503334,0.637515394960437,0.5000000000670808,0.5483021144435096,folded,2048,nmr,triangulum-ceu,21,11,8,2,663.2109,2026-10-07T11:43:11.521738+00:00,2026-10-07T11:45:17.693249+00:00
D1_ang_folded_B_006,D1,FULL,B,6,126.185,0.9060334914466613,0.18247969069365966,0.20911675450036643,0.9060334913888304,0.18247969082116933,0.2091167545607897,0.11226884165072247,0.05000000004529274,0.2193659611026324,0.10000000004029722,0.15084488806781451,0.15000000004191974,0.040684258592962735,0.19999999996993872,0.18670528889430213,0.2000000000105298,0.14916032911603433,0.14999999995421365,0.09685187226581984,0.09999999996933849,0.04411856030971166,0.049999999968469676,0.5000000000974485,0.5231639494141321,0.5000000000503334,0.6675004207636914,0.5000000000670808,0.5466708908786589,folded,2048,nmr,triangulum-ceu,21,11,8,2,663.2109,2026-10-07T11:45:17.697245+00:00,2026-10-07T11:47:23.882143+00:00
D1_ang_folded_A_006,D1,FULL,A,6,126.212,0.9187517358995936,0.22218388449955284,0.192148021774174,0.9187517358838252,0.22218388452457347,0.19214802179220794,0.161810941008474,0.05000000004529274,0.0646307127147243,0.10000000004029722,0.18097844024619578,0.1500000000419198,0.1407919334231134,0.1999999999699387,0.08279294031616634,0.20000000001052987,0.13960052902142245,0.1499999999542137,0.11049500045949918,0.09999999996933849,0.11889950281040443,0.04999999996846967,0.5000000000974484,0.5482120273925075,0.5000000000503335,0.4488351230607871,0.5000000000670809,0.5360773220303353,folded,2048,nmr,triangulum-ceu,21,11,8,2,663.2109,2026-10-07T11:47:23.894140+00:00,2026-10-07T11:49:30.105864+00:00
D1_ang_direct_B_006,D1,FULL,B,6,126.248,0.9100655431391347,0.22064496690113627,0.20429644582751608,0.9100655430845995,0.22064496699798453,0.20429644588909945,0.0945630902266688,0.05000000004529278,0.16296628758273643,0.10000000004029728,0.23610307843616535,0.15000000004191968,0.03887233646132217,0.19999999996993864,0.16274564263973934,0.2000000000105297,0.14362084653242993,0.14999999995421362,0.12701251075241385,0.09999999996933846,0.034116207368524,0.04999999996846972,0.5000000000974485,0.5325047927068929,0.5000000000503335,0.5638958669815746,0.5000000000670807,0.6204243220549874,direct,2048,nmr,triangulum-ceu,21,11,8,2,-56.7891,2026-10-07T11:49:30.111861+00:00,2026-10-07T11:51:36.359525+00:00
D1_ang_direct_A_006,D1,FULL,A,6,125.231,0.9620776685632982,0.15313621770458818,0.12941198981064733,0.9620776685639243,0.15313621765762767,0.1294119897875395,0.1292597627545144,0.05000000004529274,0.06997413672702696,0.10000000004029728,0.08934484189641032,0.1500000000419197,0.23989366599632708,0.19999999996993853,0.13909090191185708,0.20000000001052975,0.148453901807078,0.14999999995421368,0.11566394729656823,0.09999999996933846,0.068318841610218,0.049999999968469704,0.5000000000974484,0.5284724073742786,0.5000000000503335,0.48677870320047634,0.5000000000670808,0.4733594538593499,direct,2048,nmr,triangulum-ceu,21,11,8,2,-56.7891,2026-10-07T11:51:36.365608+00:00,2026-10-07T11:53:41.596946+00:00
D1_ang_direct_A_007,D1,FULL,A,7,126.167,0.9636812253877436,0.1353287223991337,0.1208003277157992,0.9636812253919135,0.13532872239247049,0.12080032769105557,0.10736130446282388,0.05000000004529274,0.10707296133042647,0.10000000004029728,0.06429532785476515,0.1500000000419197,0.23158674534317258,0.19999999996993853,0.15793708547716998,0.20000000001052975,0.14243886427559438,0.14999999995421368,0.10719688577137122,0.09999999996933846,0.08211082548467642,0.049999999968469704,0.5000000000974484,0.510316338991188,0.5000000000503335,0.5148102155460146,0.5000000000670808,0.43679060356613014,direct,2048,nmr,triangulum-ceu,21,11,8,2,-56.7891,2026-10-07T11:53:41.599927+00:00,2026-10-07T11:55:47.767360+00:00
D1_ang_direct_B_007,D1,FULL,B,7,126.194,0.9290556475682805,0.25188039669436485,0.1971408951856915,0.9290556475706266,0.25188039671439005,0.19714089521888373,0.017496906725355716,0.05000000004529278,0.14384880268778433,0.10000000004029728,0.2704517186670729,0.15000000004191968,0.1177357398567832,0.19999999996993864,0.11457738727716409,0.2000000000105297,0.09830956942630699,0.14999999995421362,0.1237238180987058,0.09999999996933846,0.11385605726082708,0.04999999996846972,0.5000000000974485,0.5495331679369961,0.5000000000503335,0.3742326661166111,0.5000000000670807,0.5262498307682986,direct,2048,nmr,triangulum-ceu,21,11,8,2,-56.7891,2026-10-07T11:55:47.780327+00:00,2026-10-07T11:57:53.974514+00:00
D1_ang_folded_A_007,D1,FULL,A,7,126.216,0.7624161984487763,0.3920325844477599,0.3448242672735009,0.7624161984180245,0.39203258450181944,0.34482426729504123,0.25231181232535177,0.05000000004529274,0.12165323800165503,0.10000000004029722,0.1123156950349742,0.1500000000419198,0.06731566058386439,0.1999999999699387,0.03023090328219876,0.20000000001052987,0.11835947737023103,0.1499999999542137,0.07974567922691225,0.09999999996933849,0.21806753417481264,0.04999999996846967,0.5000000000974484,0.5535964059458454,0.5000000000503335,0.5225554309794366,0.5000000000670809,0.4746040898694369,folded,2048,nmr,triangulum-ceu,21,11,8,2,663.2109,2026-10-07T11:57:53.987475+00:00,2026-10-07T12:00:00.203432+00:00
D1_ang_folded_B_007,D1,FULL,B,7,126.174,0.9157976151827085,0.2371524280363128,0.19684919355718983,0.9157976151311635,0.2371524280454549,0.1968491935970245,0.16317049506272835,0.05000000004529274,0.16156807800260192,0.10000000004029722,0.10676705201812021,0.15000000004191974,0.08305756309926199,0.19999999996993872,0.1539838577182793,0.2000000000105298,0.15307343216836058,0.14999999995421365,0.15934042281176408,0.09999999996933849,0.01903909911888364,0.049999999968469676,0.5000000000974485,0.5145631881827124,0.5000000000503334,0.6317958629519701,0.5000000000670808,0.583261827610892,folded,2048,nmr,triangulum-ceu,21,11,8,2,663.2109,2026-10-07T12:00:00.215366+00:00,2026-10-07T12:02:06.389073+00:00
D1_ang_folded_B_008,D1,FULL,B,8,126.219,0.8802003505890987,0.28541387462256773,0.2695844675682828,0.8802003505315845,0.2854138746871571,0.26958446762441135,0.08979188366667028,0.05000000004529274,0.3012176168434452,0.10000000004029722,0.0840758224583856,0.15000000004191974,0.061623787841189846,0.19999999996993872,0.23825330908128098,0.2000000000105298,0.07539154247159556,0.14999999995421365,0.0934949725416719,0.09999999996933849,0.056151065095760684,0.049999999968469676,0.5000000000974485,0.536709110809691,0.5000000000503334,0.704654352062992,0.5000000000670808,0.5056159877480088,folded,2048,nmr,triangulum-ceu,21,11,8,2,663.2109,2026-10-07T12:02:06.392066+00:00,2026-10-07T12:04:12.610656+00:00
D1_ang_folded_A_008,D1,FULL,A,8,126.204,0.8899694052842458,0.24665641734751853,0.22674237450845627,0.8899694052613228,0.24665641736128086,0.22674237452606283,0.20213955842462034,0.05000000004529274,0.08780767765961858,0.10000000004029722,0.12610359299461787,0.1500000000419198,0.16864476106848603,0.1999999999699387,0.07232469694589443,0.20000000001052987,0.12380785636277337,0.1499999999542137,0.07465499760732891,0.09999999996933849,0.14451685893666058,0.04999999996846967,0.5000000000974484,0.5846955901473427,0.5000000000503335,0.4860797893929067,0.5000000000670809,0.47522284597246156,folded,2048,nmr,triangulum-ceu,21,11,8,2,663.2109,2026-10-07T12:04:12.623620+00:00,2026-10-07T12:06:18.827580+00:00
D1_ang_direct_B_008,D1,FULL,B,8,126.17,0.8947234643686334,0.2961552030483141,0.2292599349165055,0.8947234643645228,0.29615520307171234,0.2292599349217091,0.10828027866289418,0.05000000004529278,0.14522449647375485,0.10000000004029728,0.12485017041803567,0.15000000004191968,0.10169913118081948,0.19999999996993864,0.07400306995406492,0.2000000000105297,0.10329242537536763,0.14999999995421362,0.2065423431942781,0.09999999996933846,0.13610808474078528,0.04999999996846972,0.5000000000974485,0.4800540767355041,0.5000000000503335,0.4308002704660815,0.5000000000670807,0.5136758622292728,direct,2048,nmr,triangulum-ceu,21,11,8,2,-56.7891,2026-10-07T12:06:18.830578+00:00,2026-10-07T12:08:25.000331+00:00
D1_ang_direct_A_008,D1,FULL,A,8,125.15,0.9145419503093056,0.23527228000030148,0.19609371158058014,0.9145419502881843,0.23527228005598366,0.19609371160434264,0.15844825834391624,0.05000000004529274,0.07525842341038821,0.10000000004029728,0.1800419638498937,0.1500000000419197,0.12888286590952797,0.19999999996993853,0.10463975640545461,0.20000000001052975,0.1465302292110584,0.14999999995421368,0.05941644500758719,0.09999999996933846,0.14678205786217374,0.049999999968469704,0.5000000000974484,0.5426315115137261,0.5000000000503335,0.48487666737081747,0.5000000000670808,0.5025464236068518,direct,2048,nmr,triangulum-ceu,21,11,8,2,-56.7891,2026-10-07T12:08:25.004330+00:00,2026-10-07T12:10:30.154715+00:00
D1_ang_direct_A_009,D1,FULL,A,9,129.193,0.8907199329573178,0.2642207681221701,0.21596664168857058,0.8907199329561741,0.2642207681155069,0.2159666416761116,0.1233317179873129,0.05000000004529274,0.10425684158093246,0.10000000004029728,0.03307640082158706,0.1500000000419197,0.30700886820843787,0.19999999996993853,0.15849310428882013,0.20000000001052975,0.04420972677408595,0.14999999995421368,0.14425916212604675,0.09999999996933846,0.0853641782127769,0.049999999968469704,0.5000000000974484,0.5676738285982703,0.5000000000503335,0.43029139063115146,0.5000000000670808,0.4591603852237668,direct,2048,nmr,triangulum-ceu,21,11,8,2,-56.7891,2026-10-07T12:10:30.169709+00:00,2026-10-07T12:12:39.362286+00:00
D1_ang_direct_B_009,D1,FULL,B,9,123.188,0.8843152030502328,0.294753967860908,0.23832287701515828,0.8843152030251007,0.2947539678700502,0.23832287702224292,0.1333799822602939,0.05000000004529278,0.14489259985181874,0.10000000004029728,0.08254172063323541,0.15000000004191968,0.050600147408392304,0.19999999996993864,0.14548051805295634,0.2000000000105297,0.19091789995918018,0.14999999995421362,0.22556348579875732,0.09999999996933846,0.026623646035365718,0.04999999996846972,0.5000000000974485,0.4114144501537404,0.5000000000503335,0.6146710001242492,0.5000000000670807,0.5869657067452431,direct,2048,nmr,triangulum-ceu,21,11,8,2,-56.7891,2026-10-07T12:12:39.365524+00:00,2026-10-07T12:14:42.553949+00:00
D1_ang_folded_A_009,D1,FULL,A,9,126.22,0.8933336867208382,0.2710011922502768,0.23930375028379874,0.8933336867139566,0.2710011922245156,0.23930375030364934,0.03888575941964882,0.05000000004529274,0.16262238294438205,0.10000000004029722,0.26877165088392296,0.1500000000419198,0.09952642546266076,0.1999999999699387,0.04058662289317489,0.20000000001052987,0.20456671085703806,0.1499999999542137,0.11473775455621987,0.09999999996933849,0.07030269298295272,0.04999999996846967,0.5000000000974484,0.5698062187106145,0.5000000000503335,0.4466614761142438,0.5000000000670809,0.46298178775296656,folded,2048,nmr,triangulum-ceu,21,11,8,2,663.2109,2026-10-07T12:14:42.558312+00:00,2026-10-07T12:16:48.778458+00:00
D1_ang_folded_B_009,D1,FULL,B,9,126.256,0.9386905759560908,0.20250684134590674,0.17114829928180722,0.938690575913039,0.20250684138571032,0.17114829932090891,0.1449989332366304,0.05000000004529274,0.17810107152006158,0.10000000004029722,0.08407107409378008,0.15000000004191974,0.10927191162579374,0.19999999996993872,0.1807628462988754,0.2000000000105298,0.17940683662901827,0.14999999995421365,0.08662634068069261,0.09999999996933849,0.03676098591514782,0.049999999968469676,0.5000000000974485,0.5164429904762659,0.5000000000503334,0.6832696876845858,0.5000000000670808,0.4964591943099786,folded,2048,nmr,triangulum-ceu,21,11,8,2,663.2109,2026-10-07T12:16:48.790356+00:00,2026-10-07T12:18:55.045951+00:00
D1_ang_folded_B_010,D1,FULL,B,10,126.215,0.9459523421233815,0.18310572883403833,0.15616838957033155,0.9459523420877828,0.18310572884318038,0.15616838960276322,0.13721115653355878,0.05000000004529274,0.15454605760640666,0.10000000004029722,0.08272692819401552,0.15000000004191974,0.11457327780613481,0.19999999996993872,0.18859675322696634,0.2000000000105298,0.15281185820070317,0.14999999995421365,0.13853665650251176,0.09999999996933849,0.030997311929702946,0.049999999968469676,0.5000000000974485,0.4890574201401158,0.5000000000503334,0.633165825567635,0.5000000000670808,0.5470714944570524,folded,2048,nmr,triangulum-ceu,21,11,8,2,663.2109,2026-10-07T12:18:55.059918+00:00,2026-10-07T12:21:01.274469+00:00
D1_ang_folded_A_010,D1,FULL,A,10,126.14,0.8954645099573223,0.2561742157571911,0.2284254574251993,0.8954645099471702,0.2561742157767226,0.22842545744213005,0.05377115811804269,0.05000000004529274,0.16334125220482826,0.10000000004029722,0.23762617204333344,0.1500000000419198,0.10741925427962229,0.1999999999699387,0.036406529943655105,0.20000000001052987,0.18136258095773702,0.1499999999542137,0.16419781879615142,0.09999999996933849,0.05587523365662978,0.04999999996846967,0.5000000000974484,0.5621578366458266,0.5000000000503335,0.43488152122426305,0.5000000000670809,0.4920016789011827,folded,2048,nmr,triangulum-ceu,21,11,8,2,663.2109,2026-10-07T12:21:01.282464+00:00,2026-10-07T12:23:07.422782+00:00
D1_ang_direct_B_010,D1,FULL,B,10,126.179,0.8760802000304561,0.32121443131256877,0.24819730163801354,0.8760801999613669,0.3212144314085482,0.24819730170795262,0.14542591096157406,0.05000000004529278,0.22338535235937196,0.10000000004029728,0.19745098403179856,0.15000000004191968,0.06407740041487407,0.19999999996993864,0.12205617457849888,0.2000000000105297,0.06726982483181759,0.14999999995421362,0.07538216876626122,0.09999999996933846,0.10495218405580377,0.04999999996846972,0.5000000000974485,0.6303396477676185,0.5000000000503335,0.5581372627312623,0.5000000000670807,0.5403152383381327,direct,2048,nmr,triangulum-ceu,21,11,8,2,-56.7891,2026-10-07T12:23:07.430776+00:00,2026-10-07T12:25:13.610032+00:00
D1_ang_direct_A_010,D1,FULL,A,10,126.153,0.9214907888231473,0.1988602173789371,0.16974006064791045,0.9214907888277537,0.1988602173986091,0.1697400606318184,0.0647273404802928,0.05000000004529274,0.15137286478807344,0.10000000004029728,0.022208930203803615,0.1500000000419197,0.15669222974161606,0.19999999996993853,0.2625241838155934,0.20000000001052975,0.20248164764643672,0.14999999995421368,0.11775418066821275,0.09999999996933846,0.022238622655971235,0.049999999968469704,0.5000000000974484,0.3950013652137859,0.5000000000503335,0.6811060367303964,0.5000000000670808,0.46721463516790257,direct,2048,nmr,triangulum-ceu,21,11,8,2,-56.7891,2026-10-07T12:25:13.614051+00:00,2026-10-07T12:27:19.766623+00:00
D1_ang_direct_A_011,D1,FULL,A,11,126.205,0.9457184076654711,0.19189656380179337,0.17952186973983736,0.9457184076678469,0.19189656385672194,0.1795218697296505,0.060873765177745225,0.05000000004529274,0.15334183266213236,0.10000000004029728,0.10549301495964569,0.1500000000419197,0.19382355347064062,0.19999999996993853,0.10560057975252171,0.20000000001052975,0.10495925646889076,0.14999999995421368,0.22768096601684432,0.09999999996933846,0.048227031491579295,0.049999999968469704,0.5000000000974484,0.513532166270164,0.5000000000503335,0.4247754340612901,0.5000000000670808,0.4996483259067569,direct,2048,nmr,triangulum-ceu,21,11,8,2,-56.7891,2026-10-07T12:27:19.781624+00:00,2026-10-07T12:29:25.986994+00:00
D1_ang_direct_B_011,D1,FULL,B,11,125.146,0.8930850276949487,0.2719854616993198,0.2249704919217019,0.8930850276802402,0.27198546172271804,0.22497049193462412,0.0779600363671206,0.05000000004529278,0.18852163625364707,0.10000000004029728,0.11937903371779068,0.15000000004191968,0.18997983711341176,0.19999999996993864,0.08051507852767255,0.2000000000105297,0.038140588918407006,0.14999999995421362,0.2099694577968363,0.09999999996933846,0.09553433130511417,0.04999999996846972,0.5000000000974485,0.57584054345197,0.5000000000503335,0.38513734006684713,0.5000000000670807,0.48782360640942,direct,2048,nmr,triangulum-ceu,21,11,8,2,-56.7891,2026-10-07T12:29:25.997986+00:00,2026-10-07T12:31:31.144425+00:00
D1_ang_folded_A_011,D1,FULL,A,11,126.212,0.8009704957368553,0.39961276291256353,0.30608737066870356,0.8009704957153799,0.3996127629359616,0.30608737068361314,0.19678997999983885,0.05000000004529274,0.1365342382297826,0.10000000004029722,0.0920956074556472,0.1500000000419198,0.11564077630606341,0.1999999999699387,0.045651927233603305,0.20000000001052987,0.04699892606872441,0.1499999999542137,0.1726822058654453,0.09999999996933849,0.1936063388408948,0.04999999996846967,0.5000000000974484,0.5410606019913321,0.5000000000503335,0.42597507153194913,0.5000000000670809,0.5072197205545346,folded,2048,nmr,triangulum-ceu,21,11,8,2,663.2109,2026-10-07T12:31:31.154420+00:00,2026-10-07T12:33:37.366839+00:00
D1_ang_folded_B_011,D1,FULL,B,11,126.198,0.9357251202752019,0.17954555325408608,0.1749324387152858,0.935725120227666,0.17954555326322813,0.17493243876472994,0.14109945729129655,0.05000000004529274,0.1749837443353651,0.10000000004029722,0.10720575177682212,0.15000000004191974,0.07906322189071098,0.19999999996993872,0.19290072178518283,0.2000000000105298,0.1584134884033916,0.14999999995421365,0.10504886323317492,0.09999999996933849,0.04128475128405591,0.049999999968469676,0.5000000000974485,0.5023521752941947,0.5000000000503334,0.6673974118152362,0.5000000000670808,0.5462547940864764,folded,2048,nmr,triangulum-ceu,21,11,8,2,663.2109,2026-10-07T12:33:37.375832+00:00,2026-10-07T12:35:43.573995+00:00
D1_ang_folded_B_012,D1,FULL,B,12,126.179,0.9493500625366308,0.20941509846685194,0.1653195915016775,0.9493500625133686,0.20941509853216977,0.1653195915518611,0.05076145214013943,0.05000000004529274,0.15473233533868763,0.10000000004029722,0.21994647545431115,0.15000000004191974,0.11520123136198158,0.19999999996993872,0.15505585459882992,0.2000000000105298,0.07032781550701868,0.14999999995421365,0.15535713590076644,0.09999999996933849,0.07861769969826518,0.049999999968469676,0.5000000000974485,0.5406414942951197,0.5000000000503334,0.4308774575846756,0.5000000000670808,0.5811209180940468,folded,2048,nmr,triangulum-ceu,21,11,8,2,663.2109,2026-10-07T12:35:43.590569+00:00,2026-10-07T12:37:49.769922+00:00
D1_ang_folded_A_012,D1,FULL,A,12,126.145,0.9298581390671846,0.23102546786368428,0.178765136707974,0.9298581390497783,0.2310254678870823,0.1787651367228766,0.15336826086315758,0.05000000004529274,0.12249818078246535,0.10000000004029722,0.1006482403686319,0.1500000000419198,0.16231941411078782,0.1999999999699387,0.1057422959131649,0.20000000001052987,0.10026458172033305,0.1499999999542137,0.149184747128273,0.09999999996933849,0.10597427911318634,0.04999999996846967,0.5000000000974484,0.5388340961250427,0.5000000000503335,0.4818733192791209,0.5000000000670809,0.5089435442732275,folded,2048,nmr,triangulum-ceu,21,11,8,2,663.2109,2026-10-07T12:37:49.786921+00:00,2026-10-07T12:39:55.932964+00:00
D1_ang_direct_B_012,D1,FULL,B,12,126.194,0.9442444555234533,0.21172252353172819,0.1658178793404196,0.9442444554955988,0.21172252359704616,0.1658178793877421,0.09101297463689072,0.05000000004529278,0.1585610533685256,0.10000000004029728,0.1854369846059778,0.15000000004191968,0.08781487449615291,0.19999999996993864,0.13984374154212342,0.2000000000105297,0.11061886036467748,0.14999999995421362,0.12367842173131674,0.09999999996933846,0.10303308925433528,0.04999999996846972,0.5000000000974485,0.5228258871075471,0.5000000000503335,0.5000366299122172,0.5000000000670807,0.5399721225163087,direct,2048,nmr,triangulum-ceu,21,11,8,2,-56.7891,2026-10-07T12:39:55.949923+00:00,2026-10-07T12:42:02.144014+00:00
D1_ang_direct_A_012,D1,FULL,A,12,125.216,0.9131432868683679,0.21179708308700812,0.20019226501935014,0.9131432868531748,0.21179708307010903,0.20019226503339216,0.18204482296377386,0.05000000004529274,0.06350567963991802,0.10000000004029728,0.1483275619810315,0.1500000000419197,0.13479857888008653,0.19999999996993853,0.0926834627968626,0.20000000001052975,0.1488876336319923,0.14999999995421368,0.10554711964000284,0.09999999996933846,0.12420514046633235,0.049999999968469704,0.5000000000974484,0.5286766434648099,0.5000000000503335,0.4871215990325468,0.5000000000670808,0.5286029673816708,direct,2048,nmr,triangulum-ceu,21,11,8,2,-56.7891,2026-10-07T12:42:02.149685+00:00,2026-10-07T12:44:07.366173+00:00
D1_ang_direct_A_013,D1,FULL,A,13,126.198,0.9185421199302269,0.23238417789711494,0.1909447300078707,0.9185421199062732,0.2323841779511747,0.19094473003124518,0.16184785560862447,0.05000000004529274,0.12846245927016228,0.10000000004029728,0.11430474118427682,0.1500000000419197,0.16844774251671293,0.19999999996993853,0.1010079521728819,0.20000000001052975,0.10268756813319527,0.14999999995421368,0.08116781804175845,0.09999999996933846,0.14207386307238795,0.049999999968469704,0.5000000000974484,0.5730627985797765,0.5000000000503335,0.49400583518486396,0.5000000000670808,0.4583283670075416,direct,2048,nmr,triangulum-ceu,21,11,8,2,-56.7891,2026-10-07T12:44:07.370190+00:00,2026-10-07T12:46:13.568064+00:00
D1_ang_direct_B_013,D1,FULL,B,13,126.23,0.9216526173037234,0.23709802295995677,0.19605355983122122,0.9216526173101485,0.2370980228972714,0.1960535598189988,0.11303741137385862,0.05000000004529278,0.0978984715894357,0.10000000004029728,0.13131568137705163,0.15000000004191968,0.10305267659270054,0.19999999996993864,0.08063514754354076,0.2000000000105297,0.1929830083375279,0.14999999995421362,0.16906040271362927,0.09999999996933846,0.1120172004722556,0.04999999996846972,0.5000000000974485,0.44530424093304655,0.5000000000503335,0.4845540388443631,0.5000000000670807,0.4940486430080804,direct,2048,nmr,triangulum-ceu,21,11,8,2,-56.7891,2026-10-07T12:46:13.588053+00:00,2026-10-07T12:48:19.817604+00:00
D1_ang_folded_A_013,D1,FULL,A,13,126.177,0.9540504897512759,0.16008926584050048,0.14568194152526315,0.9540504897322227,0.16008926581811223,0.14568194154155406,0.1409411064388476,0.05000000004529274,0.11516923352416318,0.10000000004029722,0.1272568804927456,0.1500000000419198,0.15734808714791546,0.1999999999699387,0.10530576654122675,0.20000000001052987,0.15071851725800386,0.1499999999542137,0.12715592811468598,0.09999999996933849,0.07610448048241159,0.04999999996846967,0.5000000000974484,0.5407153076036719,0.5000000000503335,0.5121346237622414,0.5000000000670809,0.500659681587506,folded,2048,nmr,triangulum-ceu,21,11,8,2,663.2109,2026-10-07T12:48:19.835611+00:00,2026-10-07T12:50:26.012628+00:00
D1_ang_folded_B_013,D1,FULL,B,13,126.221,0.9216665907222737,0.2073271653939809,0.19296342359378119,0.9216665906617034,0.2073271654441739,0.1929634236608259,0.12732634834721837,0.05000000004529274,0.193085182492238,0.10000000004029722,0.17763862008862222,0.15000000004191974,0.06043790198727792,0.19999999996993872,0.1669874572443226,0.2000000000105298,0.15671185609040406,0.14999999995421365,0.06524747532422559,0.09999999996933849,0.052565158425691275,0.049999999968469676,0.5000000000974485,0.5584880529153565,0.5000000000503334,0.6441108441741831,0.5000000000670808,0.5371999010043887,folded,2048,nmr,triangulum-ceu,21,11,8,2,663.2109,2026-10-07T12:50:26.029585+00:00,2026-10-07T12:52:32.250618+00:00
D1_ang_folded_B_014,D1,FULL,B,14,126.227,0.9101024161178526,0.20394516846295613,0.20736550085300745,0.9101024160540166,0.2039451686009956,0.20736550092253514,0.0980001338531981,0.05000000004529274,0.22180929943660263,0.10000000004029722,0.17248041310870235,0.15000000004191974,0.04481925861875669,0.19999999996993872,0.2116553222024925,0.2000000000105298,0.14337013584918418,0.14999999995421365,0.06880752988171923,0.09999999996933849,0.03905790704934435,0.049999999968469676,0.5000000000974485,0.5371091050172598,0.5000000000503334,0.6748348913414776,0.5000000000670808,0.5509433990461122,folded,2048,nmr,triangulum-ceu,21,11,8,2,663.2109,2026-10-07T12:52:32.269616+00:00,2026-10-07T12:54:38.496336+00:00
D1_ang_folded_A_014,D1,FULL,A,14,126.238,0.9293671818793465,0.1834725768141888,0.17656811861732302,0.929367181865163,0.18347257678216483,0.17656811862645977,0.16188233803663446,0.05000000004529274,0.07721194320912136,0.10000000004029722,0.14630784106075367,0.1500000000419198,0.17652408945631898,0.1999999999699387,0.08412756755592912,0.20000000001052987,0.16055344857651793,0.1499999999542137,0.08235598193571206,0.09999999996933849,0.11103679016901245,0.04999999996846967,0.5000000000974484,0.5619262117628285,0.5000000000503335,0.48377529737820285,0.5000000000670809,0.47467372858902923,folded,2048,nmr,triangulum-ceu,21,11,8,2,663.2109,2026-10-07T12:54:38.508327+00:00,2026-10-07T12:56:44.746050+00:00
D1_ang_direct_B_014,D1,FULL,B,14,126.193,0.8625970861811895,0.2946835399419736,0.2606433415653558,0.8625970861026766,0.2946835400388219,0.26064334163071934,0.1925018730511344,0.05000000004529278,0.216076633344276,0.10000000004029728,0.15638230378042398,0.15000000004191968,0.04375546541512758,0.19999999996993864,0.12250502971668464,0.2000000000105297,0.09767282610712101,0.14999999995421362,0.12972272986298744,0.09999999996933846,0.041383138722244896,0.04999999996846972,0.5000000000974485,0.608716275590962,0.5000000000503335,0.6287563622192162,0.5000000000670807,0.6011119364112305,direct,2048,nmr,triangulum-ceu,21,11,8,2,-56.7891,2026-10-07T12:56:44.754011+00:00,2026-10-07T12:58:50.947064+00:00
D1_ang_direct_A_014,D1,FULL,A,14,125.164,0.9300609155288474,0.17858154725796938,0.1745631661646426,0.9300609155230862,0.17858154724107028,0.17456316616330522,0.1531362980004338,0.05000000004529274,0.07560384953369453,0.10000000004029728,0.13193679794679866,0.1500000000419197,0.19002754073956304,0.19999999996993853,0.0779348045359272,0.20000000001052975,0.14591546000294622,0.14999999995421368,0.11479105883347933,0.09999999996933846,0.11065419040715718,0.049999999968469704,0.5000000000974484,0.5507044862204902,0.5000000000503335,0.4525904120730018,0.5000000000670808,0.47779895931663907,direct,2048,nmr,triangulum-ceu,21,11,8,2,-56.7891,2026-10-07T12:58:50.955833+00:00,2026-10-07T13:00:56.119566+00:00
D1_ang_direct_A_015,D1,FULL,A,15,126.195,0.8753734796129925,0.2793561195528239,0.2472779516566424,0.8753734795908515,0.2793561195304358,0.24727795167166725,0.20276625661434378,0.05000000004529274,0.11195666993793042,0.10000000004029728,0.10607016260862231,0.1500000000419197,0.08464470894734334,0.19999999996993853,0.0799290089135985,0.20000000001052975,0.18038944676377364,0.14999999995421368,0.1000495858108085,0.09999999996933846,0.13419416040357943,0.049999999968469704,0.5000000000974484,0.50543779810824,0.5000000000503335,0.5750413822296464,0.5000000000670808,0.48881501394737314,direct,2048,nmr,triangulum-ceu,21,11,8,2,-56.7891,2026-10-07T13:00:56.125548+00:00,2026-10-07T13:03:02.320827+00:00
D1_ang_direct_B_015,D1,FULL,B,15,126.202,0.9478272043738367,0.1934535026266047,0.15987501518157843,0.9478272043557431,0.19345350269192269,0.15987501522462394,0.06336917395966485,0.05000000004529278,0.1392889864225933,0.10000000004029728,0.19150724243201975,0.15000000004191968,0.08555210750911345,0.19999999996993864,0.18200721553851684,0.2000000000105297,0.08898717426044703,0.14999999995421362,0.14510966075061804,0.09999999996933846,0.10417843912702686,0.04999999996846972,0.5000000000974485,0.47971751032339127,0.5000000000503335,0.4736525501812219,0.5000000000670807,0.5819932926808193,direct,2048,nmr,triangulum-ceu,21,11,8,2,-56.7891,2026-10-07T13:03:02.338814+00:00,2026-10-07T13:05:08.540416+00:00
D1_ang_folded_A_015,D1,FULL,A,15,126.189,0.8121446928535072,0.3820324922728209,0.31116816085474935,0.8121446928206527,0.3820324923268805,0.3111681608793198,0.22169568992951083,0.05000000004529274,0.14303444643981306,0.10000000004029722,0.09953116013402151,0.1500000000419198,0.07909092879961227,0.1999999999699387,0.07027103596855631,0.20000000001052987,0.09872092241842755,0.1499999999542137,0.07035346035250185,0.09999999996933849,0.21730235595755654,0.04999999996846967,0.5000000000974484,0.5433522253029577,0.5000000000503335,0.5337220947563077,0.5000000000670809,0.4618513463845905,folded,2048,nmr,triangulum-ceu,21,11,8,2,663.2109,2026-10-07T13:05:08.560927+00:00,2026-10-07T13:07:14.750217+00:00
D1_ang_folded_B_015,D1,FULL,B,15,126.174,0.9389142384049202,0.20196817281523402,0.16808950116713653,0.9389142384251136,0.2019681727983349,0.16808950114353638,0.08621275330283325,0.05000000004529274,0.06968550450690578,0.10000000004029722,0.13775825921950705,0.15000000004191974,0.1788963477298857,0.19999999996993872,0.09917014098367197,0.2000000000105298,0.1125215747616947,0.14999999995421365,0.17513815143429268,0.09999999996933849,0.14061726806120903,0.049999999968469676,0.5000000000974485,0.47255286475913166,0.5000000000503334,0.3675899735551056,0.5000000000670808,0.4982793049403048,folded,2048,nmr,triangulum-ceu,21,11,8,2,663.2109,2026-10-07T13:07:14.755214+00:00,2026-10-07T13:09:20.929476+00:00
D1_ang_folded_B_016,D1,FULL,B,16,126.191,0.9325105161787408,0.21351430181763434,0.19053852955732845,0.9325105161194965,0.2135143019137541,0.19053852962768966,0.09608084748460055,0.05000000004529274,0.21224426913903308,0.10000000004029722,0.13841230452183928,0.15000000004191974,0.0731867259258159,0.19999999996993872,0.25518918529012047,0.2000000000105298,0.11179520687270647,0.14999999995421365,0.07205212410729878,0.09999999996933849,0.041039336658585494,0.049999999968469676,0.5000000000974485,0.5199241470712888,0.5000000000503334,0.6753095087864606,0.5000000000670808,0.5617344614038591,folded,2048,nmr,triangulum-ceu,21,11,8,2,663.2109,2026-10-07T13:09:20.944461+00:00,2026-10-07T13:11:27.135234+00:00
D1_ang_folded_A_016,D1,FULL,A,16,126.2,0.9051051945333097,0.2534465786870483,0.20700843360244614,0.905105194524359,0.25344657865502435,0.20700843360618484,0.1844457157924317,0.05000000004529274,0.05760858557996687,0.10000000004029722,0.1191338774578878,0.1500000000419198,0.14509228310259362,0.1999999999699387,0.10980168640133584,0.20000000001052987,0.1736878774505594,0.1499999999542137,0.06491698880319154,0.09999999996933849,0.14531298541203316,0.04999999996846967,0.5000000000974484,0.50628046193288,0.5000000000503335,0.5255438652242939,0.5000000000670809,0.4782982684548469,folded,2048,nmr,triangulum-ceu,21,11,8,2,663.2109,2026-10-07T13:11:27.140217+00:00,2026-10-07T13:13:33.340238+00:00
D1_ang_direct_B_016,D1,FULL,B,16,124.522,0.9177910396929388,0.1912271353974942,0.19099458661767668,0.9177910396248493,0.1912271355355337,0.19099458669054015,0.15599935863527858,0.05000000004529278,0.13966347202849017,0.10000000004029728,0.1869662107893547,0.15000000004191968,0.0540194919287312,0.19999999996993864,0.20859809408241017,0.2000000000105297,0.1439947404103891,0.14999999995421362,0.07285818639849767,0.09999999996933846,0.03790044572684828,0.04999999996846972,0.5000000000974485,0.5366485333818547,0.5000000000503335,0.6482556651565681,0.5000000000670807,0.6244218499055413,direct,2048,nmr,triangulum-ceu,21,11,8,2,-56.7891,2026-10-07T13:13:34.479971+00:00,2026-10-07T13:15:39.002072+00:00
D1_ang_direct_A_016,D1,FULL,A,16,126.065,0.9276416505982108,0.24328417380646608,0.18808708789477221,0.9276416505826767,0.24328417379980286,0.18808708789628875,0.1212853637888822,0.05000000004529274,0.14431952483129376,0.10000000004029728,0.07437205202881741,0.1500000000419197,0.2435064709506593,0.19999999996993853,0.10512240152442191,0.20000000001052975,0.07722137264695786,0.14999999995421368,0.18001733851031634,0.09999999996933846,0.05415547571865133,0.049999999968469704,0.5000000000974484,0.5834834115996527,0.5000000000503335,0.44794866279155576,0.5000000000670808,0.4807971558524379,direct,2048,nmr,triangulum-ceu,21,11,8,2,-56.7891,2026-10-07T13:15:39.090216+00:00,2026-10-07T13:17:45.155076+00:00
D1_ang_direct_A_017,D1,FULL,A,17,126.181,0.933418801513082,0.23176625511319465,0.1732947420645078,0.93341880151113,0.23176625513659288,0.17329474207354204,0.08576303045643392,0.05000000004529274,0.14612718077189674,0.10000000004029728,0.09981303491784871,0.1500000000419197,0.13578093432108584,0.19999999996993853,0.1568534203500229,0.20000000001052975,0.07578635527444967,0.14999999995421368,0.14866227316958708,0.09999999996933846,0.15121377073867515,0.049999999968469704,0.5000000000974484,0.4674841804672652,0.5000000000503335,0.4645299868528032,0.5000000000670808,0.4910917588938926,direct,2048,nmr,triangulum-ceu,21,11,8,2,-56.7891,2026-10-07T13:17:45.166069+00:00,2026-10-07T13:19:51.346746+00:00
D1_ang_direct_B_017,D1,FULL,B,17,126.217,0.9397426995278678,0.20126822302190134,0.168101199830049,0.9397426995005015,0.20126822303017478,0.1681011998502261,0.13646295524402952,0.05000000004529278,0.16123764820816178,0.10000000004029728,0.06709852940132156,0.15000000004191968,0.11692477739615366,0.19999999996993864,0.18357340801137398,0.2000000000105297,0.20125329106392933,0.14999999995421362,0.08113506216097605,0.09999999996933846,0.05231432851405418,0.04999999996846972,0.5000000000974485,0.4817239102496665,0.5000000000503335,0.6825273025274946,0.5000000000670807,0.4682699548177011,direct,2048,nmr,triangulum-ceu,21,11,8,2,-56.7891,2026-10-07T13:19:51.353721+00:00,2026-10-07T13:21:57.571887+00:00
D1_ang_folded_A_017,D1,FULL,A,17,125.266,0.8978100593206936,0.23245150933879244,0.21920991264301687,0.8978100592916463,0.23245150939447456,0.219209912669002,0.19640576749857933,0.05000000004529274,0.09108482473060707,0.10000000004029722,0.15199801349084147,0.1500000000419198,0.13869420553136427,0.1999999999699387,0.07881415868169322,0.20000000001052987,0.13907196673070427,0.1499999999542137,0.06988333493115666,0.09999999996933849,0.1340477284050538,0.04999999996846967,0.5000000000974484,0.5781828112513921,0.5000000000503335,0.5053767176415839,0.5000000000670809,0.4971012746022707,folded,2048,nmr,triangulum-ceu,21,11,8,2,663.2109,2026-10-07T13:21:57.576845+00:00,2026-10-07T13:24:02.842758+00:00
D1_ang_folded_B_017,D1,FULL,B,17,126.164,0.8919878007665473,0.2648281587734287,0.2293601159876182,0.8919878006965916,0.2648281588799378,0.22936011606180037,0.12228281393782944,0.05000000004529274,0.2404369439400404,0.10000000004029722,0.15033591405471794,0.15000000004191974,0.07430427307610271,0.19999999996993872,0.20977742883686867,0.2000000000105298,0.06776306996651632,0.14999999995421365,0.04310449807744319,0.09999999996933849,0.09199505811048121,0.049999999968469676,0.5000000000974485,0.5873599450086906,0.5000000000503334,0.640260256681255,0.5000000000670808,0.5255006549068594,folded,2048,nmr,triangulum-ceu,21,11,8,2,663.2109,2026-10-07T13:24:02.865746+00:00,2026-10-07T13:26:09.029408+00:00
D1_ang_folded_B_018,D1,FULL,B,18,126.196,0.9447780581870476,0.1430684993224959,0.1473508568721225,0.9447780581850371,0.1430684993312628,0.14735085689096206,0.04743875892836532,0.05000000004529274,0.14293689600200424,0.10000000004029722,0.13549649636584324,0.15000000004191974,0.19016624712876884,0.19999999996993872,0.19047976537975495,0.2000000000105298,0.05336793197240634,0.14999999995421365,0.0899823008935985,0.09999999996933849,0.15013160332925854,0.049999999968469676,0.5000000000974485,0.5160383984249817,0.5000000000503334,0.4342233522825309,0.5000000000670808,0.46339732156756197,folded,2048,nmr,triangulum-ceu,21,11,8,2,663.2109,2026-10-07T13:26:09.040404+00:00,2026-10-07T13:28:15.236104+00:00
D1_ang_folded_A_018,D1,FULL,A,18,126.19,0.9502346112237059,0.20401818666341748,0.17915513193109442,0.9502346112178579,0.20401818668828453,0.1791551319199271,0.0620528717955235,0.05000000004529274,0.12987784537128838,0.10000000004029722,0.08691693240544024,0.1500000000419198,0.32947728047021896,0.1999999999699387,0.1557155262753927,0.20000000001052987,0.0654838519073658,0.1499999999542137,0.13261018905125366,0.09999999996933849,0.0378655027235167,0.04999999996846967,0.5000000000974484,0.6083249300424711,0.5000000000503335,0.41313009534957035,0.5000000000670809,0.4372955195276101,folded,2048,nmr,triangulum-ceu,21,11,8,2,663.2109,2026-10-07T13:28:15.241118+00:00,2026-10-07T13:30:21.430860+00:00
D1_ang_direct_B_018,D1,FULL,B,18,126.2,0.9618920604656785,0.16619024664507898,0.14502999558243584,0.9618920604252649,0.16619024675158822,0.1450299956510352,0.06956107810282694,0.05000000004529278,0.17809764852374022,0.10000000004029728,0.15118996985649222,0.15000000004191968,0.11007322674715654,0.19999999996993864,0.2584073590619187,0.2000000000105297,0.11753758953238297,0.14999999995421362,0.05619893696887227,0.09999999996933846,0.05893419120661004,0.04999999996846972,0.5000000000974485,0.508921923230216,0.5000000000503335,0.623603675220869,0.5000000000670807,0.5353573439901103,direct,2048,nmr,triangulum-ceu,21,11,8,2,-56.7891,2026-10-07T13:30:21.445856+00:00,2026-10-07T13:32:27.646322+00:00
D1_ang_direct_A_018,D1,FULL,A,18,126.155,0.9038177260387394,0.2848281882929331,0.21860488032077147,0.9038177260183293,0.28482818828626993,0.21860488033307254,0.10465853525956209,0.05000000004529274,0.2055888198906261,0.10000000004029728,0.0714043710118679,0.1500000000419197,0.26498514740592,0.19999999996993853,0.08667360438546706,0.20000000001052975,0.05709383631639514,0.14999999995421368,0.12910973269900605,0.09999999996933846,0.08048595303115562,0.049999999968469704,0.5000000000974484,0.6466368735679762,0.5000000000503335,0.45401479585205046,0.5000000000670808,0.3918462433559031,direct,2048,nmr,triangulum-ceu,21,11,8,2,-56.7891,2026-10-07T13:32:27.652318+00:00,2026-10-07T13:34:33.806928+00:00
D1_ang_direct_A_019,D1,FULL,A,19,126.148,0.8755684248139628,0.2943629176834708,0.24320350153153272,0.8755684247549262,0.2943629177794503,0.2432035015833981,0.2158163645052286,0.05000000004529274,0.14427583717164386,0.10000000004029728,0.16737266422354025,0.1500000000419197,0.13463809836894566,0.19999999996993853,0.07810688871926294,0.20000000001052975,0.10140626303101596,0.14999999995421368,0.04148583210132518,0.09999999996933846,0.11689805187903762,0.049999999968469704,0.5000000000974484,0.6621029642693583,0.5000000000503335,0.5396053534271513,0.5000000000670808,0.502781749549357,direct,2048,nmr,triangulum-ceu,21,11,8,2,-56.7891,2026-10-07T13:34:33.812912+00:00,2026-10-07T13:36:39.960823+00:00
D1_ang_direct_B_019,D1,FULL,B,19,126.257,0.9424958630177659,0.18967837604342572,0.17203368944237743,0.9424958629637916,0.18967837610888397,0.1720336895058206,0.11067369227111645,0.05000000004529278,0.2089810740400972,0.10000000004029728,0.11843993772317869,0.15000000004191968,0.09304379674918915,0.19999999996993864,0.21023508963827126,0.2000000000105297,0.11762192399741238,0.14999999995421362,0.10978852015939909,0.09999999996933846,0.031215965421335767,0.04999999996846972,0.5000000000974485,0.5311385007835815,0.5000000000503335,0.6475117799468972,0.5000000000670807,0.5491372397919655,direct,2048,nmr,triangulum-ceu,21,11,8,2,-56.7891,2026-10-07T13:36:39.966821+00:00,2026-10-07T13:38:46.223619+00:00
D1_ang_folded_A_019,D1,FULL,A,19,125.156,0.90486328781394,0.28004741708210806,0.20521852601618576,0.904863287790194,0.2800474171055061,0.20521852603984417,0.14846778908275682,0.05000000004529274,0.15406433364175312,0.10000000004029722,0.0891335629434612,0.1500000000419198,0.1493882192742922,0.1999999999699387,0.1203006047146431,0.20000000001052987,0.06113019596209744,0.1499999999542137,0.14314697721490588,0.09999999996933849,0.13436831716609035,0.04999999996846967,0.5000000000974484,0.5410539049422632,0.5000000000503335,0.48396292340125047,0.5000000000670809,0.5010489339557669,folded,2048,nmr,triangulum-ceu,21,11,8,2,663.2109,2026-10-07T13:38:46.238640+00:00,2026-10-07T13:40:51.394894+00:00
D1_ang_folded_B_019,D1,FULL,B,19,126.123,0.8965478941684201,0.2442351683009442,0.2087735553379361,0.896547894123623,0.24423516830921743,0.20877355538146455,0.14415038341978445,0.05000000004529274,0.16936184455766054,0.10000000004029722,0.12394523720692993,0.15000000004191974,0.050096178041500024,0.19999999996993872,0.18761066113246166,0.2000000000105298,0.1797300459530894,0.14999999995421365,0.044112755309890984,0.09999999996933849,0.1009928943786831,0.049999999968469676,0.5000000000974485,0.48755364322587486,0.5000000000503334,0.6808529350629959,0.5000000000670808,0.49981903706906694,folded,2048,nmr,triangulum-ceu,21,11,8,2,663.2109,2026-10-07T13:40:51.417878+00:00,2026-10-07T13:42:57.540623+00:00
D1_ang_folded_B_020,D1,FULL,B,20,126.167,0.9652965181429608,0.1628462729342449,0.13375056448541112,0.9652965181466158,0.16284627295427,0.13375056450812206,0.03803165533108391,0.05000000004529274,0.12660531947932285,0.10000000004029722,0.20596029980730518,0.15000000004191974,0.11722056663729247,0.19999999996993872,0.14796808680940834,0.2000000000105298,0.13393341826794533,0.14999999995421365,0.11932935917638027,0.09999999996933849,0.11095129449126179,0.049999999968469676,0.5000000000974485,0.48781784125500427,0.5000000000503334,0.44653847988776035,0.5000000000670808,0.5112894011241775,folded,2048,nmr,triangulum-ceu,21,11,8,2,663.2109,2026-10-07T13:42:57.565524+00:00,2026-10-07T13:45:03.732554+00:00
D1_ang_folded_A_020,D1,FULL,A,20,126.172,0.9446195858020124,0.21844929066026367,0.16486926630472704,0.9446195857940979,0.2184492906836617,0.1648692663091939,0.10556699785638066,0.05000000004529274,0.14449967903272348,0.10000000004029722,0.10189166262804099,0.1500000000419198,0.1698968161494385,0.1999999999699387,0.10728627916562372,0.20000000001052987,0.10247595137323505,0.1499999999542137,0.18190427271705983,0.09999999996933849,0.08647834107749769,0.04999999996846967,0.5000000000974484,0.5218551556665838,0.5000000000503335,0.459828907427963,0.5000000000670809,0.49664921236710535,folded,2048,nmr,triangulum-ceu,21,11,8,2,663.2109,2026-10-07T13:45:03.742550+00:00,2026-10-07T13:47:09.914688+00:00
D1_ang_direct_B_020,D1,FULL,B,20,126.176,0.9256958021402562,0.2222630988930837,0.18994408215499325,0.9256958020980383,0.22226309890135715,0.18994408219917813,0.10944428488232649,0.05000000004529278,0.19812462042023637,0.10000000004029728,0.13469733438980225,0.15000000004191968,0.06885373658634515,0.19999999996993864,0.17113403936915292,0.2000000000105297,0.19563485178757173,0.14999999995421362,0.05305179075334257,0.09999999996933846,0.06905934181122252,0.04999999996846972,0.5000000000974485,0.5111199762787103,0.5000000000503335,0.6743377964592876,0.5000000000670807,0.46832744939462423,direct,2048,nmr,triangulum-ceu,21,11,8,2,-56.7891,2026-10-07T13:47:09.940680+00:00,2026-10-07T13:49:16.116315+00:00
D1_ang_direct_A_020,D1,FULL,A,20,126.25,0.960449954573869,0.1582464456581787,0.13083795059195924,0.9604499545702244,0.15824644565151547,0.13083795058765446,0.09011715617743524,0.05000000004529274,0.12924786875341965,0.10000000004029728,0.0686575672242267,0.1500000000419197,0.21248088626653366,0.19999999996993853,0.18332287167320888,0.20000000001052975,0.08977311545104902,0.14999999995421368,0.16119435681087962,0.09999999996933846,0.06520617764324736,0.049999999968469704,0.5000000000974484,0.5005034784216152,0.5000000000503335,0.49246101205511283,0.5000000000670808,0.5032919518857504,direct,2048,nmr,triangulum-ceu,21,11,8,2,-56.7891,2026-10-07T13:49:16.140297+00:00,2026-10-07T13:51:22.389978+00:00
D1_ang_direct_A_021,D1,FULL,A,21,126.137,0.9202700026494296,0.22126564502021073,0.19068021187175382,0.9202700026372298,0.22126564503010665,0.19068021188210701,0.15826161423021695,0.05000000004529274,0.06781481041041748,0.10000000004029728,0.16902811835414752,0.1500000000419197,0.13691870375086743,0.19999999996993853,0.08211050699234912,0.20000000001052975,0.17599122877586532,0.14999999995421368,0.09189033381625938,0.09999999996933846,0.11798468366987686,0.049999999968469704,0.5000000000974484,0.5320232467456494,0.5000000000503335,0.48417816040884887,0.5000000000670808,0.5012905733929729,direct,2048,nmr,triangulum-ceu,21,11,8,2,-56.7891,2026-10-07T13:51:22.397958+00:00,2026-10-07T13:53:28.536296+00:00
D1_ang_direct_B_021,D1,FULL,B,21,126.104,0.8998062853556652,0.26453012016607164,0.229035181820049,0.8998062852902338,0.26453012023066114,0.22903518188535008,0.1447868654638604,0.05000000004529278,0.24082851719498022,0.10000000004029728,0.09878382570586128,0.15000000004191968,0.0734267786015895,0.19999999996993864,0.21475784999597206,0.2000000000105297,0.0864327532197278,0.14999999995421362,0.0768265222421603,0.09999999996933846,0.06415688757584863,0.04999999996846972,0.5000000000974485,0.5578259869662913,0.5000000000503335,0.6868059858745403,0.5000000000670807,0.5351550634078539,direct,2048,nmr,triangulum-ceu,21,11,8,2,-56.7891,2026-10-07T13:53:28.544296+00:00,2026-10-07T13:55:34.647862+00:00
D1_ang_folded_A_021,D1,FULL,A,21,125.188,0.9539386249697076,0.18176813425437002,0.14857149663563562,0.9539386249506789,0.18176813427923708,0.14857149664227123,0.12051800317417204,0.05000000004529274,0.1501641180317225,0.10000000004029722,0.08496609586854288,0.1500000000419198,0.23204181462225076,0.1999999999699387,0.11182120948674451,0.20000000001052987,0.12344619758938646,0.1499999999542137,0.12904419845109186,0.09999999996933849,0.04799836277608908,0.04999999996846967,0.5000000000974484,0.587690031696688,0.5000000000503335,0.5059495282820254,0.5000000000670809,0.4463495069805512,folded,2048,nmr,triangulum-ceu,21,11,8,2,663.2109,2026-10-07T13:55:34.654440+00:00,2026-10-07T13:57:39.842092+00:00
D1_ang_folded_B_021,D1,FULL,B,21,126.183,0.915571033025067,0.22522653455495478,0.20535860468743328,0.9155710329798422,0.22522653459475836,0.20535860471181158,0.18553733432315472,0.05000000004529274,0.1044933301984944,0.10000000004029722,0.1174425633960883,0.15000000004191974,0.08853434416199545,0.19999999996993872,0.1535353853996909,0.2000000000105298,0.23519587007310927,0.14999999995421365,0.0943849184152466,0.09999999996933849,0.020876254032220435,0.049999999968469676,0.5000000000974485,0.4960075720797328,0.5000000000503334,0.6787619199944491,0.5000000000670808,0.5509002015341804,folded,2048,nmr,triangulum-ceu,21,11,8,2,663.2109,2026-10-07T13:57:39.849090+00:00,2026-10-07T13:59:46.031812+00:00
D1_ang_folded_B_022,D1,FULL,B,22,126.124,0.9374559802258525,0.19967980620867115,0.172240084838248,0.937455980188762,0.19967980622747422,0.1722400848742982,0.12829000180291775,0.05000000004529274,0.13901439840265292,0.10000000004029722,0.11087646499112733,0.15000000004191974,0.07296504529509744,0.19999999996993872,0.22808533945585271,0.2000000000105298,0.19905961572236647,0.14999999995421365,0.066478683486301,0.09999999996933849,0.055230450843684366,0.049999999968469676,0.5000000000974485,0.4511459104917955,0.5000000000503334,0.6944493553837898,0.5000000000670808,0.5337304897361989,folded,2048,nmr,triangulum-ceu,21,11,8,2,663.2109,2026-10-07T13:59:46.056793+00:00,2026-10-07T14:01:52.180855+00:00
D1_ang_folded_A_022,D1,FULL,A,22,126.148,0.929776851836581,0.19035053020153533,0.17594734966178216,0.929776851828816,0.19035053016951137,0.17594734966313794,0.16489897789090027,0.05000000004529274,0.06241793588199241,0.10000000004029722,0.13507725557878025,0.1500000000419198,0.17209572500572065,0.1999999999699387,0.09252116592101842,0.20000000001052987,0.1660726733649658,0.1499999999542137,0.09753738744297692,0.09999999996933849,0.10937887891364528,0.04999999996846967,0.5000000000974484,0.5344898943573936,0.5000000000503335,0.4859107530588769,0.5000000000670809,0.49003478683367585,folded,2048,nmr,triangulum-ceu,21,11,8,2,663.2109,2026-10-07T14:01:52.209066+00:00,2026-10-07T14:03:58.358153+00:00
D1_ang_direct_B_022,D1,FULL,B,22,126.182,0.9451480336659686,0.18501708280799642,0.1529362377355325,0.9451480336360573,0.1850170828581896,0.1529362377817606,0.08349922771450208,0.05000000004529278,0.14307197582428152,0.10000000004029728,0.1843429761991385,0.15000000004191968,0.08891928016624125,0.19999999996993864,0.18783396561967214,0.2000000000105297,0.1774460594235945,0.14999999995421362,0.03822967135589702,0.09999999996933846,0.09665684369667295,0.04999999996846972,0.5000000000974485,0.49983345990416334,0.5000000000503335,0.5918512285820502,0.5000000000670807,0.4939058408892097,direct,2048,nmr,triangulum-ceu,21,11,8,2,-56.7891,2026-10-07T14:03:58.368146+00:00,2026-10-07T14:06:04.549781+00:00
D1_ang_direct_A_022,D1,FULL,A,22,126.183,0.9436490268399966,0.19283448183791063,0.1602651795086191,0.9436490268347651,0.19283448177522525,0.160265179510785,0.13681995339741584,0.05000000004529274,0.08026777903901779,0.10000000004029728,0.13718578033644663,0.1500000000419197,0.12477738341338318,0.19999999996993853,0.11493457543592726,0.20000000001052975,0.17085175709072445,0.14999999995421368,0.12472157596882891,0.09999999996933846,0.11044119531825615,0.049999999968469704,0.5000000000974484,0.4790508961862634,0.5000000000503335,0.5028740649630852,0.5000000000670808,0.5136618851386185,direct,2048,nmr,triangulum-ceu,21,11,8,2,-56.7891,2026-10-07T14:06:04.577089+00:00,2026-10-07T14:08:10.759666+00:00
D1_ang_direct_A_023,D1,FULL,A,23,126.155,0.9499094190018815,0.19552715080252706,0.1707631791400459,0.9499094189981824,0.19552715078063254,0.17076317916014216,0.026763547727118954,0.05000000004529274,0.22813349348456888,0.10000000004029728,0.11860849316960323,0.1500000000419197,0.15785555376049573,0.19999999996993853,0.14521509499972987,0.20000000001052975,0.10603015956241965,0.14999999995421368,0.16712340665346812,0.09999999996933846,0.05027025064259553,0.049999999968469704,0.5000000000974484,0.5313610881417868,0.5000000000503335,0.5061422957738374,0.5000000000670808,0.45771054254992016,direct,2048,nmr,triangulum-ceu,21,11,8,2,-56.7891,2026-10-07T14:08:10.767657+00:00,2026-10-07T14:10:16.923063+00:00
D1_ang_direct_B_023,D1,FULL,B,23,126.179,0.9556216028916095,0.15336815589479008,0.1478035121811729,0.9556216028718452,0.15336815588974945,0.14780351220193041,0.11399408757051924,0.05000000004529278,0.08119293480243929,0.10000000004029728,0.20579429527081008,0.15000000004191968,0.20940600065477696,0.19999999996993864,0.08381538755896768,0.2000000000105297,0.13162352174884356,0.14999999995421362,0.11786219068903922,0.09999999996933846,0.05631158170460387,0.04999999996846972,0.5000000000974485,0.6103873182985456,0.5000000000503335,0.4106259316807699,0.5000000000670807,0.5214659610893363,direct,2048,nmr,triangulum-ceu,21,11,8,2,-56.7891,2026-10-07T14:10:16.944995+00:00,2026-10-07T14:12:23.123917+00:00
D1_ang_folded_A_023,D1,FULL,A,23,126.214,0.9671575566345068,0.1656032020353103,0.1254534700819415,0.9671575566417155,0.16560320198834977,0.12545347005692817,0.08865254201254065,0.05000000004529274,0.09003042114580945,0.10000000004029722,0.09040628513812493,0.1500000000419198,0.24095075005317076,0.1999999999699387,0.1556858694927738,0.20000000001052987,0.09827422223494202,0.1499999999542137,0.1600219460382335,0.09999999996933849,0.07597796388440484,0.04999999996846967,0.5000000000974484,0.5100399983496459,0.5000000000503335,0.43264305488606597,0.5000000000670809,0.4947666426816729,folded,2048,nmr,triangulum-ceu,21,11,8,2,663.2109,2026-10-07T14:12:23.129914+00:00,2026-10-07T14:14:29.344012+00:00
D1_ang_folded_B_023,D1,FULL,B,23,125.219,0.9465016925134359,0.19849298644304714,0.18954323018481828,0.9465016924817105,0.19849298653916686,0.18954323022781813,0.05906610859881401,0.05000000004529274,0.16477223954345602,0.10000000004029722,0.11646031017403805,0.15000000004191974,0.08128882621066894,0.19999999996993872,0.3246546383968968,0.2000000000105298,0.13470824919024396,0.14999999995421365,0.07503360946608811,0.09999999996933849,0.04401601841979401,0.049999999968469676,0.5000000000974485,0.4215874845269771,0.5000000000503334,0.6832012357294108,0.5000000000670808,0.5752146666358371,folded,2048,nmr,triangulum-ceu,21,11,8,2,663.2109,2026-10-07T14:14:29.351008+00:00,2026-10-07T14:16:34.570344+00:00
D1_ang_folded_B_024,D1,FULL,B,24,126.191,0.9460611754785991,0.14860638418817657,0.15301351274594996,0.9460611754541814,0.1486063841666824,0.15301351276327532,0.1761020916333688,0.05000000004529274,0.07646218977807259,0.10000000004029722,0.07796736561777999,0.15000000004191974,0.16460871496486773,0.19999999996993872,0.2044772162266603,0.2000000000105298,0.16234959516032177,0.14999999995421365,0.08235534547259728,0.09999999996933849,0.05567748114633155,0.049999999968469676,0.5000000000974485,0.4951403619940891,0.5000000000503334,0.6193910927984234,0.5000000000670808,0.5409020189504063,folded,2048,nmr,triangulum-ceu,21,11,8,2,663.2109,2026-10-07T14:16:34.579340+00:00,2026-10-07T14:18:40.770619+00:00
D1_ang_folded_A_024,D1,FULL,A,24,126.244,0.8462490133756633,0.36459308278714975,0.2728252070291885,0.8462490133737587,0.3645930828105478,0.2728252070298492,0.1546949135552125,0.05000000004529274,0.1330132571472173,0.10000000004029722,0.07097171978065017,0.1500000000419198,0.11521325340732472,0.1999999999699387,0.07140210160383123,0.20000000001052987,0.07781984239764603,0.1499999999542137,0.1863993815957662,0.09999999996933849,0.19048553051235181,0.04999999996846967,0.5000000000974484,0.4738931438904047,0.5000000000503335,0.4369301147039071,0.5000000000670809,0.48346811653546007,folded,2048,nmr,triangulum-ceu,21,11,8,2,663.2109,2026-10-07T14:18:40.788611+00:00,2026-10-07T14:20:47.032366+00:00
D1_ang_direct_B_024,D1,FULL,B,24,126.138,0.9189050544104121,0.2280755961484943,0.20090953189485802,0.9189050543485954,0.2280755962446141,0.20090953195845698,0.10866008928832338,0.05000000004529278,0.19420938039187785,0.10000000004029728,0.12772102325964815,0.15000000004191968,0.056710957450669744,0.19999999996993864,0.2752061265644129,0.2000000000105297,0.13524505930836384,0.14999999995421362,0.07434925229152606,0.09999999996933846,0.027898111445178144,0.04999999996846972,0.5000000000974485,0.487301450390519,0.5000000000503335,0.7133206555529779,0.5000000000670807,0.5859364914039104,direct,2048,nmr,triangulum-ceu,21,11,8,2,-56.7891,2026-10-07T14:20:47.050374+00:00,2026-10-07T14:22:53.188622+00:00
D1_ang_direct_A_024,D1,FULL,A,24,126.216,0.933813297095066,0.22712347121278756,0.17510449805571704,0.9338132971099647,0.22712347116582704,0.1751044980271524,0.10384190917746634,0.05000000004529274,0.09008161373215735,0.10000000004029728,0.06205494146370069,0.1500000000419197,0.23746608984793371,0.19999999996993853,0.1300161009601709,0.20000000001052975,0.09072387267814397,0.14999999995421368,0.1890251674765704,0.09999999996933846,0.09679030466385652,0.049999999968469704,0.5000000000974484,0.4934445542212582,0.5000000000503335,0.41466349654793866,0.5000000000670808,0.4849381190779084,direct,2048,nmr,triangulum-ceu,21,11,8,2,-56.7891,2026-10-07T14:22:53.194639+00:00,2026-10-07T14:24:59.410288+00:00
D1_ang_direct_A_025,D1,FULL,A,25,126.252,0.8925806562784225,0.2363808658177772,0.218559071009026,0.8925806562601941,0.23638086579538914,0.21855907101768898,0.1814297925667131,0.05000000004529274,0.12653024164311819,0.10000000004029728,0.10402792649498234,0.1500000000419197,0.16145183499533447,0.19999999996993853,0.04813937271429405,0.20000000001052975,0.17061455634429368,0.14999999995421368,0.10616948328117837,0.09999999996933846,0.10163679196008571,0.049999999968469704,0.5000000000974484,0.5734397957001482,0.5000000000503335,0.526713963268419,0.5000000000670808,0.4397665750571679,direct,2048,nmr,triangulum-ceu,21,11,8,2,-56.7891,2026-10-07T14:24:59.436241+00:00,2026-10-07T14:27:05.688527+00:00
D1_ang_direct_B_025,D1,FULL,B,25,125.227,0.7899181908933454,0.4029799028955281,0.33473462024039874,0.7899181908212378,0.4029799029189264,0.33473462029045403,0.2675134568645346,0.05000000004529278,0.22015052454808898,0.10000000004029728,0.09223679183988638,0.15000000004191968,0.03727383204738963,0.19999999996993864,0.08034008161159352,0.2000000000105297,0.08716939158220405,0.14999999995421362,0.13911370924518152,0.09999999996933846,0.07620221226112132,0.04999999996846972,0.5000000000974485,0.6171746052998996,0.5000000000503335,0.6551734546064212,0.5000000000670807,0.5792040395611959,direct,2048,nmr,triangulum-ceu,21,11,8,2,-56.7891,2026-10-07T14:27:05.704309+00:00,2026-10-07T14:29:10.930858+00:00
D1_ang_folded_A_025,D1,FULL,A,25,126.23,0.916957546018429,0.18311679323770463,0.19811558402302648,0.9169575459798803,0.183116793333684,0.19811558405632693,0.19404000538626823,0.05000000004529274,0.10786969148833571,0.10000000004029722,0.15164679600472844,0.1500000000419198,0.18010585384703223,0.1999999999699387,0.07137338903248781,0.20000000001052987,0.12918195425337828,0.1499999999542137,0.0862220095334176,0.09999999996933849,0.07956030045435152,0.04999999996846967,0.5000000000974484,0.6336623467263647,0.5000000000503335,0.5024650401604701,0.5000000000670809,0.5032821999569022,folded,2048,nmr,triangulum-ceu,21,11,8,2,663.2109,2026-10-07T14:29:10.960841+00:00,2026-10-07T14:31:17.190719+00:00
D1_ang_folded_B_025,D1,FULL,B,25,126.12,0.9035287745193571,0.2719862660197754,0.21671165229893627,0.9035287744881048,0.2719862661157547,0.21671165233998796,0.0909088026924049,0.05000000004529274,0.20608568711733158,0.10000000004029722,0.17204299648001914,0.15000000004191974,0.1427766456913581,0.19999999996993872,0.09056812159942774,0.2000000000105298,0.06451124029950095,0.14999999995421365,0.08015772629395847,0.09999999996933849,0.15294877982599916,0.049999999968469676,0.5000000000974485,0.6118141319811137,0.5000000000503334,0.45207385170866515,0.5000000000670808,0.43367764706581025,folded,2048,nmr,triangulum-ceu,21,11,8,2,663.2109,2026-10-07T14:31:17.197718+00:00,2026-10-07T14:33:23.317962+00:00
